[meta] uuid,1,2,3,4,5,6,7,8,9,10,11,12,13,14
4c7889c0-9d27-0134-c1a1-0a62e1402143,,,,,1,,,,,,,,,
8442eca0-9d27-0134-c242-0a62e1402143,,,3,,,4,2,,,,,1,,5
fb251930-9d2a-0134-957c-0aaafcbd6b1f,,,,,,,2,,,,3,1,4,5
a9cced10-9d30-0134-152b-0aaafcbd6b1f,,,,2,,1,,,,4,3,,,
23406820-9d31-0134-9b11-0a62e1402143,3,,,2,,5,1,4,,,,,,
9c0ed560-9d32-0134-5d4b-0aaafcbd6b1f,,,,,,4,1,,,2,,,3,
72e4b580-9d33-0134-f583-0aaafcbd6b1f,,,1,,,,,,,,,2,4,3
a6e9fb40-9d33-0134-f656-0aaafcbd6b1f,1,,,,,2,,,,,,,,
fbb70d20-9d33-0134-eb6b-0a62e1402143,,,,,,,,,,,1,2,3,
3c0a55d0-9d34-0134-ec66-0a62e1402143,,,,,,,,,,,,,,
d2516540-9d37-0134-1909-0aaafcbd6b1f,,,2,3,4,5,,,,1,,,,
dfeece40-9d39-0134-67a8-0a62e1402143,4,1,3,,,,2,,,,,,,5
397cc480-9d3a-0134-5368-0aaafcbd6b1f,4,3,,,,,1,2,,,,,,
18c9bce0-9d3d-0134-f35a-0aaafcbd6b1f,,,,,,,,,,,,,,
5b1cfde0-9d3d-0134-f617-0aaafcbd6b1f,,,5,,,,4,3,,,,,2,1
8a15f870-9d3d-0134-5344-0a62e1402143,5,,2,3,1,,,,,,,4,,
99de5b30-9d3d-0134-5394-0a62e1402143,,,2,,1,,,,3,,,4,,5
4ee54520-9d3e-0134-6356-0aaafcbd6b1f,,,4,,5,,,,,1,2,3,,
1d3b6a00-9d3f-0134-67a8-0aaafcbd6b1f,,,,4,,3,1,,,5,2,,,
82e33420-9d3f-0134-6ccf-0a62e1402143,,,4,1,,,,,,,3,2,,5
29187900-9d41-0134-2626-0a62e1402143,,,,,1,,,,,,,,,
47b6e250-9d41-0134-26bd-0a62e1402143,,,5,2,,1,3,,,,,4,,
dd09aaf0-9d41-0134-ba93-0aaafcbd6b1f,,,3,1,,,4,2,,,,5,,
049ae1c0-9d42-0134-bb4c-0aaafcbd6b1f,,2,,1,,,,,,,,,,
eaed3fe0-9d43-0134-8ddd-0aaafcbd6b1f,,,2,,,,,,,,,1,3,4
203e4a70-9d44-0134-8ebb-0aaafcbd6b1f,1,,,,,,,,,,,,,
367b4310-9d44-0134-4894-0a62e1402143,,3,,1,,,,2,,,,,,
9b17edf0-9d44-0134-911f-0aaafcbd6b1f,1,,,,,2,3,,,,,,5,4
5b199430-9d46-0134-f6f4-0a62e1402143,,,,,,,,,,1,3,2,,
91095d80-9d46-0134-f845-0a62e1402143,2,,,,,,,,,,1,,,
a39a8e30-9d46-0134-d9cc-0aaafcbd6b1f,,,,,,,,,,,,,,
191d4560-9d47-0134-ce04-0a62e1402143,,,,1,,,,,,,,,,
6930fe60-9d47-0134-cfc3-0a62e1402143,4,,,1,,2,3,5,,,,,,
49306820-9d48-0134-43ae-0aaafcbd6b1f,,4,,2,,,1,,,,,3,,
675270a0-9d48-0134-4457-0aaafcbd6b1f,,,1,,,,,,,,,2,,
8445a5c0-9d48-0134-44f3-0aaafcbd6b1f,,,,1,2,,,,,3,,,,4
391c9bf0-9d49-0134-491c-0aaafcbd6b1f,,,,1,,,,,,2,3,,,
13dd30d0-9d4a-0134-4d37-0aaafcbd6b1f,,,,1,4,,2,,5,,,3,,
31f86060-9d4a-0134-4de2-0aaafcbd6b1f,1,3,,,,,2,4,5,,,,,
66edc750-9d4a-0134-4f10-0aaafcbd6b1f,1,,5,4,,3,,2,,,,,,
c995a460-9d4d-0134-01dd-0a62e1402143,,,,1,2,,,,,5,,3,,4
45125a90-9d4e-0134-04d9-0a62e1402143,,,1,,,2,,,,,,3,,
fb8ec6a0-9d4e-0134-ede4-0a62e1402143,,,,,,3,,,,4,2,1,5,
68617030-9d4f-0134-09f7-0a62e1402143,,,,1,2,,5,3,,,,4,,
d8476870-9d50-0134-f95f-0aaafcbd6b1f,1,,,5,,3,,,,4,2,,,
5b41fa90-9d51-0134-fc02-0aaafcbd6b1f,,,,,,2,3,,,4,,1,,5
32fe03a0-9d52-0134-d7e8-0a62e1402143,,,,5,,,2,,,,3,1,,4
688d9f60-9d52-0134-0191-0aaafcbd6b1f,,,,,,3,4,5,,,1,,2,
973dfc60-9d56-0134-471d-0aaafcbd6b1f,,,1,,,,,,,,,,,
1ff47e30-9d58-0134-bf4f-0a62e1402143,,3,1,2,4,,,,,,,5,,
53d16970-9d58-0134-ac29-0aaafcbd6b1f,,,,,,1,,,,,2,,,
e4d192a0-9d58-0134-af16-0aaafcbd6b1f,,,,,,,,,,,,,,
2a8c3660-9d5a-0134-b41d-0aaafcbd6b1f,,5,,4,,3,2,1,,,,,,
b106d760-9d5a-0134-8632-0a62e1402143,,,1,3,,,4,2,,,5,,,
c58dc770-9d5b-0134-6f2f-0aaafcbd6b1f,3,2,,,,5,1,,,,,4,,
386fe2f0-9d5d-0134-8cec-0a62e1402143,,,,3,2,1,4,5,,,,,,
c51b84e0-9d61-0134-7ab1-0aaafcbd6b1f,1,,,2,,3,4,,,,,,5,
ce34e290-9d61-0134-5691-0a62e1402143,5,,,,,3,4,,,,1,2,,
1d3ec020-9d62-0134-581a-0a62e1402143,,,3,4,2,1,,5,,,,,,
8370d9e0-9d62-0134-b3bc-0aaafcbd6b1f,,,,,,1,,,,,,,,
85920f00-9d62-0134-59ef-0a62e1402143,2,,,,,,3,1,,,,,,4
671c2380-9d64-0134-bc55-0aaafcbd6b1f,,,,,3,1,,,,2,,,5,4
418f2a50-9d65-0134-c104-0aaafcbd6b1f,1,,,,,2,4,,,,,,5,3
34545960-9d66-0134-fbc2-0a62e1402143,,,4,,1,2,,3,5,,,,,
768cc4b0-9d66-0134-441a-0aaafcbd6b1f,,,1,3,5,4,2,,,,,,,
90b4c290-9d66-0134-9a99-0a62e1402143,5,4,3,1,2,,,,,,,,,
fde9da00-9d66-0134-9cbf-0a62e1402143,,,,,,,,,,,,,,
d9d40d40-9d67-0134-d116-0aaafcbd6b1f,,,,1,5,,2,3,,,,4,,
79553600-9d68-0134-9127-0a62e1402143,,,5,3,,2,1,4,,,,,,
a11fc520-9d68-0134-793b-0aaafcbd6b1f,,,,5,,1,4,2,,,3,,,
1bfde130-9d69-0134-7bb5-0aaafcbd6b1f,,,2,,1,,3,,,,,4,,
e243e3b0-9d6a-0134-f8fc-0a62e1402143,,,,3,1,4,,,,,,2,5,
099355f0-9d6b-0134-8514-0aaafcbd6b1f,,,,,,,,,,,,,,
88fce390-9d6b-0134-9a7a-0a62e1402143,,,,3,,1,4,2,,,5,,,
c85b17a0-9d6b-0134-df2d-0a62e1402143,,,,,,5,1,2,,,,3,,4
42217170-9d6c-0134-8a66-0aaafcbd6b1f,,5,2,3,1,,4,,,,,,,
46ae9010-9d6c-0134-8a75-0aaafcbd6b1f,,3,,2,,,4,,5,,,,,1
50cc7410-9d6c-0134-e168-0a62e1402143,2,,3,,,,,4,,5,,1,,
f41e3ca0-9d6c-0134-e432-0a62e1402143,,,4,5,,2,,1,,,,3,,
052887d0-9d6d-0134-8d79-0aaafcbd6b1f,,,1,,,,,,,,,,,
70f61380-9d6e-0134-9363-0aaafcbd6b1f,,,,,,,,,,,,,,1
745a28c0-9d6e-0134-9374-0aaafcbd6b1f,2,3,,,,1,,,,,4,,,
ee312b80-9d6e-0134-991f-0aaafcbd6b1f,,2,3,,,,,,,,1,4,5,
ad894080-9d70-0134-9fdf-0aaafcbd6b1f,,,1,,,,,,,,,,,
50df12e0-9d71-0134-016a-0aaafcbd6b1f,,,,,,,,,,,,,,
dd88d4f0-9d71-0134-0336-0aaafcbd6b1f,,,,,,,,,,,,,,
e2d774f0-9d71-0134-034a-0aaafcbd6b1f,1,,3,,,4,2,,,,,5,,
22b37c40-9d72-0134-0459-0aaafcbd6b1f,,,,1,,2,,,,,,,,3
74d5c990-9d72-0134-0553-0aaafcbd6b1f,4,,5,3,,,2,,,,,1,,
8487c6e0-9d72-0134-057f-0aaafcbd6b1f,,,,,,4,,,,3,,1,2,
39d86710-9d73-0134-3102-0aaafcbd6b1f,,,,,,1,4,5,,,,,2,3
3b52cc50-9d73-0134-310a-0aaafcbd6b1f,,,,,,,,,,,,,,
7a613500-9d73-0134-31d8-0aaafcbd6b1f,,,,2,,,,,,,1,,3,
f6db71b0-9d73-0134-33a0-0aaafcbd6b1f,,,,2,,1,,,,,,,,
0959e160-9d74-0134-3400-0aaafcbd6b1f,,,,,,,3,1,,,,2,5,4
4cac7a40-9d77-0134-c4e1-0a62e1402143,,,,,,,,,,,,,,
4cdbf4e0-9d78-0134-5a91-0aaafcbd6b1f,,,3,2,,,,4,,,5,1,,
ce4171f0-9d78-0134-c973-0a62e1402143,1,,2,,,3,,,,,5,4,,
be62ebd0-9d79-0134-5f0c-0aaafcbd6b1f,,,2,1,,,,,,,,,,
c0a023b0-9d79-0134-cccd-0a62e1402143,,,,1,3,,,,,2,,,,
e6b05b70-9d79-0134-cd78-0a62e1402143,,1,2,,,5,4,,,,,3,,
fc6f70a0-9d79-0134-cdbf-0a62e1402143,,,3,,,2,1,,,,,,5,4
5bcc9420-9d7a-0134-6136-0aaafcbd6b1f,5,,,3,,2,1,,,,4,,,
988da320-9d7a-0134-cfa1-0a62e1402143,,,,,,,,1,,,,,,
b37b3bc0-9d7b-0134-4436-0a62e1402143,,,3,,,,,,,,,,2,1
b6429be0-9d7b-0134-65b1-0aaafcbd6b1f,1,,5,,2,3,4,,,,,,,
b829d340-9d7b-0134-65b6-0aaafcbd6b1f,,,,,,,,,,,,,,
a5228d60-9d7c-0134-6855-0aaafcbd6b1f,,,1,4,3,2,,,,,,,,
c86a6a40-9d7c-0134-b466-0a62e1402143,,,,,,,,,,,,,,
da3e8460-9d7c-0134-68f1-0aaafcbd6b1f,,,,,1,3,5,4,,,2,,,
f4b36ea0-9d7c-0134-b508-0a62e1402143,,5,,,,3,2,,,4,1,,,
9d22dfb0-9d7d-0134-b71d-0a62e1402143,,,2,1,,,3,,,,4,,5,
aed67290-9d7d-0134-b763-0a62e1402143,1,,,,,5,,3,,4,,2,,
06021ea0-9d7f-0134-85e9-0a62e1402143,,,,,,,,,,,,,,
5bf1a0e0-9d7f-0134-7044-0aaafcbd6b1f,,,,5,1,,2,,,4,,,,3
cb7556e0-9d7f-0134-71bc-0aaafcbd6b1f,,1,,,,,,,,,,,,
989b0ba0-9d80-0134-a2a4-0a62e1402143,4,,1,2,3,,,,,,,,,
a9e68a20-9d80-0134-a2d5-0a62e1402143,1,,,4,2,,,,,3,,,,
bd609680-9d80-0134-a350-0a62e1402143,,,2,4,,,1,5,,,,3,,
d753b900-9d80-0134-7577-0aaafcbd6b1f,,,4,2,,,,5,,,3,1,,
8aab0290-9d81-0134-a61e-0a62e1402143,,,,,,,,,,,,,,
1a6767b0-9d82-0134-ef98-0a62e1402143,1,3,,2,,,4,5,,,,,,
cd730370-9d82-0134-b6c8-0aaafcbd6b1f,,,,,,,,,,,,,,
c3c18c40-9d84-0134-bc5f-0aaafcbd6b1f,,,,,,,,,,,,,,
8b4f2ae0-9d86-0134-c0e2-0aaafcbd6b1f,,,,,,1,3,2,,5,4,,,
f6fd9fa0-9d86-0134-418f-0a62e1402143,,,1,,,,2,3,,,5,4,,
362cc5f0-9d87-0134-4267-0a62e1402143,,5,,,,1,2,3,,,,,4,
b13c1110-9d87-0134-c46a-0aaafcbd6b1f,,4,5,3,2,,,1,,,,,,
e856b3b0-9d87-0134-c54f-0aaafcbd6b1f,3,,,,1,,,,,,,,2,
36eed280-9d88-0134-29a0-0a62e1402143,,,,1,,4,5,3,,,,2,,
8bbbd610-9d88-0134-2aa1-0a62e1402143,,1,,2,4,5,,,,3,,,,
dcf942f0-9d88-0134-2c09-0a62e1402143,2,,,,3,,,,,,,1,,
e6866890-9d88-0134-2c3a-0a62e1402143,,,4,2,,,1,,,,,3,,
f2ad9160-9d88-0134-2c6b-0a62e1402143,,,,,,,,,,,,,,
34a233e0-9d89-0134-c978-0aaafcbd6b1f,,,1,2,3,,,,,,,,,
58c19e10-9d89-0134-2e05-0a62e1402143,,2,3,,4,,5,,,,1,,,
278ca180-9d8a-0134-cc51-0aaafcbd6b1f,,,,2,,1,3,,,,,,,
2b331fc0-9d8a-0134-e1e1-0a62e1402143,,,2,,,,,,,1,,,,
8a3bc170-9d8a-0134-cd8a-0aaafcbd6b1f,,5,4,3,1,,2,,,,,,,
492eef90-9d8b-0134-cffb-0aaafcbd6b1f,,,,1,,3,2,,,,,4,,
0e8b1720-9d8c-0134-d29f-0aaafcbd6b1f,,,1,2,3,,5,4,,,,,,
342665c0-9d8d-0134-6d67-0a62e1402143,,,,,,,,,,,,,,
750e8710-9d8d-0134-6e40-0a62e1402143,,,,4,,2,5,,,,1,3,,
8aa831c0-9d8d-0134-a97c-0aaafcbd6b1f,2,,,,,3,1,,,,4,5,,
9710d220-9d8d-0134-a999-0aaafcbd6b1f,,,5,4,3,2,,,,1,,,,
46542860-9d8e-0134-7095-0a62e1402143,,,1,,2,,,,,,,,,
8761fe10-9d8e-0134-7132-0a62e1402143,,1,,,,5,,,,,4,,3,2
a71aa6b0-9d8e-0134-ad44-0aaafcbd6b1f,,4,3,,,2,1,,,,,,5,
e288d850-9d8f-0134-b075-0aaafcbd6b1f,,,4,,,,2,3,,,,1,,5
8d34d3a0-9d90-0134-b2a0-0aaafcbd6b1f,,,3,,,,4,1,,,,2,,
910cb1f0-9d90-0134-2519-0a62e1402143,,,,2,,5,3,,,,1,,,4
a589e9a0-9d90-0134-2568-0a62e1402143,,,2,1,3,,4,5,,,,,,
af1dfe50-9d90-0134-b31f-0aaafcbd6b1f,,1,,3,2,,,,,,,,,
afe479c0-9d90-0134-2598-0a62e1402143,5,,3,1,,,2,,,,,4,,
cb622060-9d90-0134-b36a-0aaafcbd6b1f,5,,1,2,,3,4,,,,,,,
d1aae390-9d90-0134-260e-0a62e1402143,,,,1,,,,,,,,,,
420c5510-9d91-0134-277c-0a62e1402143,,,,1,4,,,,,,3,2,,
5b929700-9d91-0134-b52b-0aaafcbd6b1f,1,,2,,,,,,,,,,,
89357c50-9d91-0134-b5d8-0aaafcbd6b1f,,1,,,,,,,,,,,,
fb8c8ce0-9d91-0134-2a25-0a62e1402143,,,,1,,,,,,,,,,
11f0bf90-9d92-0134-b801-0aaafcbd6b1f,,,,,,,4,2,,3,1,,,
24ba1df0-9d92-0134-2ac9-0a62e1402143,,,,1,3,,2,,,5,,4,,
ab4ed7c0-9d92-0134-b9e7-0aaafcbd6b1f,,,,,,,,,,,,,,
b14f10f0-9d92-0134-1b12-0a62e1402143,2,,5,1,,3,,,,,,4,,
28862400-9d93-0134-0840-0a62e1402143,,,,,,,1,,,,,2,,
39a455a0-9d93-0134-bbb6-0aaafcbd6b1f,,,1,5,2,,,3,,,,4,,
c63918e0-9d93-0134-bd7d-0aaafcbd6b1f,5,4,,,,2,3,1,,,,,,
66091ea0-9d94-0134-bf82-0aaafcbd6b1f,,,,2,,,5,3,4,,1,,,
422f1590-9d95-0134-c2e7-0aaafcbd6b1f,,,,1,,3,2,,,5,,,,4
43163e90-9d95-0134-96e9-0a62e1402143,,,,,,1,2,,,,,,,
114a86c0-9d96-0134-c70f-0a62e1402143,,,1,5,,2,3,,,,,,4,
f2f534a0-9d96-0134-ca09-0aaafcbd6b1f,2,,,,,,3,,,,1,,,
69fd3d00-9d98-0134-7e13-0aaafcbd6b1f,,4,,,3,1,2,5,,,,,,
b13a2c80-9d98-0134-2142-0aaafcbd6b1f,,,,,,,,,,,,,,
280ec740-9d99-0134-22dc-0aaafcbd6b1f,,,2,3,5,,1,4,,,,,,
eb05d8b0-9d99-0134-8141-0a62e1402143,,,2,3,,5,,,,1,4,,,
4032c630-9d9a-0134-26d3-0aaafcbd6b1f,,,,,,2,4,5,,3,1,,,
3f6c7a40-9d9b-0134-8640-0a62e1402143,,,2,1,,,3,,,,5,4,,
7f761ee0-9d9b-0134-ed7a-0aaafcbd6b1f,5,,,4,,3,2,,,,1,,,
0e3c9160-9d9c-0134-ef98-0aaafcbd6b1f,,,,1,,,,,,2,3,,,4
846cee10-9d9c-0134-f12d-0aaafcbd6b1f,,,,3,5,2,1,,,,,4,,
31e1d480-9d9d-0134-f35c-0aaafcbd6b1f,2,,,,,1,,,,,,,3,
5152ce60-9d9e-0134-004c-0a62e1402143,,,,2,,3,4,,,,,1,5,
7e8bcc40-9d9e-0134-a8b6-0aaafcbd6b1f,3,,5,,,,4,,,,1,2,,
e499b670-9d9f-0134-125f-0a62e1402143,,,,,,,,,,,,,,
23c75100-9da0-0134-47a2-0a62e1402143,,3,,1,,,,,5,,2,4,,
1d416710-9da1-0134-7d06-0a62e1402143,,,,,,3,2,,,,1,,,
95c4ec10-9da1-0134-e4a5-0a62e1402143,,,,2,,,,1,,,,3,5,4
b3ddbe30-9da1-0134-a6fe-0aaafcbd6b1f,3,,,4,,2,,,,,1,5,,
cf0821c0-9da1-0134-6230-0a62e1402143,,,,,,,,,,,,,,
fed451e0-9da1-0134-e2bf-0a62e1402143,,,3,2,,,,,,,,1,4,5
fc2c5780-9da2-0134-2369-0aaafcbd6b1f,5,,2,1,,,3,,,,,,,4
0038b310-9da3-0134-e7e8-0a62e1402143,1,,,,,4,2,,,,3,5,,
639e2630-9da3-0134-e996-0a62e1402143,,,,,,1,2,,,,5,3,4,
0e07c6c0-9da4-0134-7c77-0aaafcbd6b1f,5,,,,,2,3,,,,1,,4,
96864650-9da5-0134-81ac-0aaafcbd6b1f,1,,,4,,2,3,,,,,,,5
e50bfd40-9da6-0134-85da-0aaafcbd6b1f,,,2,1,5,4,3,,,,,,,
e59768a0-9da6-0134-85dc-0aaafcbd6b1f,,,2,3,5,1,4,,,,,,,
19ac2390-9da7-0134-8678-0aaafcbd6b1f,,,,,,,,,,,,,,
dd7a1ab0-9da7-0134-bab8-0a62e1402143,,,,2,,,4,,,,1,3,,
6225f4a0-9da9-0134-8cf5-0aaafcbd6b1f,,,,,,,,,,,,,,
8af8eed0-9daa-0134-f312-0a62e1402143,,,,,,,,,,1,3,,4,2
f8429f00-9daa-0134-1182-0aaafcbd6b1f,,,,4,,1,2,5,,,,3,,
1e11be30-9dab-0134-11ff-0aaafcbd6b1f,,,2,1,,,5,4,,,,3,,
dc5afea0-9dab-0134-1441-0aaafcbd6b1f,,5,2,4,,1,,,,,,3,,
1d3591f0-9dac-0134-1502-0aaafcbd6b1f,,,,,,,,,,,1,,,
83d1b4d0-9dac-0134-4660-0a62e1402143,,,3,1,,5,,2,,4,,,,
9f3bc660-9dac-0134-16b4-0aaafcbd6b1f,,,,,,,,,,,,,,
8a073670-9dad-0134-3ff0-0aaafcbd6b1f,5,4,2,1,3,,,,,,,,,
78e47220-9dae-0134-0e4b-0aaafcbd6b1f,,,1,2,4,,,,,,5,3,,
c816c480-9dae-0134-0f36-0aaafcbd6b1f,,,4,,,,3,1,,,2,5,,
21fe0b20-9db0-0134-1301-0aaafcbd6b1f,,,,,,,,,,,,,,
4fe0f070-9db1-0134-648a-0a62e1402143,,,,,,,,,,,1,,,
dc3525e0-9db1-0134-6671-0a62e1402143,1,,2,4,,,,3,5,,,,,
a7ca4880-9db3-0134-6c69-0a62e1402143,3,5,4,2,1,,,,,,,,,
cba12a10-9db3-0134-6cd3-0a62e1402143,,,1,3,,,,,,2,,,,4
0da46ca0-9db4-0134-8e42-0aaafcbd6b1f,,3,,,,1,2,5,,,,4,,
472d45e0-9db4-0134-8ee7-0aaafcbd6b1f,,4,,,,3,5,,,,2,1,,
706945c0-9db4-0134-8f5c-0aaafcbd6b1f,,,,,,,,,,1,,,,
82dd5e50-9db4-0134-8f92-0aaafcbd6b1f,,,2,1,,,,,,,,,,
59e3ff10-9db5-0134-91d9-0aaafcbd6b1f,4,,,,,3,2,,,,1,,5,
85fcb840-9db6-0134-2d91-0a62e1402143,4,,3,2,,1,,,,,,,,
64be9400-9db7-0134-30eb-0a62e1402143,1,,,2,,,3,,,4,,,5,
c1e854e0-9db9-0134-5a8c-0a62e1402143,4,3,,2,,,,,,1,,,,
02be6390-9dbe-0134-bd8b-0a62e1402143,,5,1,4,,,,2,,,,3,,
f6c13400-9dc5-0134-ea87-0aaafcbd6b1f,,,4,3,,,2,5,,,1,,,
4e4670b0-9dc8-0134-f5b7-0a62e1402143,,,,4,,,2,,,,5,1,,3
3025bf10-9dcc-0134-81e5-0a62e1402143,,,1,,,,,,,,,,,
969c7250-9dcf-0134-3c32-0a62e1402143,,2,,,4,3,1,,,,,,,
1af47730-9dd0-0134-4266-0aaafcbd6b1f,1,,,,,,2,,,,,,3,
13ce39a0-9dd1-0134-e934-0a62e1402143,,,,,,1,,,,,,3,2,
18d6ab00-9dd1-0134-e951-0a62e1402143,2,3,,,,,4,,,,1,,,5
ecec11f0-9dd1-0134-87b0-0a62e1402143,,,3,4,,,,1,,,,2,5,
a457f930-9dd2-0134-8b1e-0a62e1402143,,,1,3,,,5,,,4,2,,,
873bf1f0-9dd3-0134-c44b-0a62e1402143,,3,,,,,,,,,2,1,,
17c092d0-9dd4-0134-3d9c-0aaafcbd6b1f,,,5,2,,3,1,4,,,,,,
95b2fac0-9dd4-0134-6844-0a62e1402143,,3,,,,5,4,2,,,1,,,
e0791990-9dd4-0134-698a-0a62e1402143,,,,1,,3,2,,,,,,,
0ccb0090-9dd5-0134-4158-0aaafcbd6b1f,,,,,,,,,,,,,,
b4863ba0-9dd5-0134-438f-0aaafcbd6b1f,,,,,,,,,,3,1,2,4,5
ef5c8dc0-9dd6-0134-47dd-0a62e1402143,,,1,,,,,,,,,,,
fd3a71a0-9dd6-0134-490a-0aaafcbd6b1f,,,,,,,,,,,,,,
55901570-9dd9-0134-037d-0a62e1402143,,,2,1,,,,,,,,,,
9a8a3f80-9ddd-0134-b95c-0a62e1402143,,,,,,1,,,,,,,,
d7fe3950-9ddf-0134-fb29-0a62e1402143,,,5,4,,,1,3,,,,2,,
db8e3e10-9ddf-0134-fb41-0a62e1402143,,5,,2,,1,3,,,,,4,,
b3683070-9de0-0134-8daf-0a62e1402143,,,,3,1,,,,,2,,,,
cb928730-9de0-0134-8e62-0a62e1402143,,,,3,2,4,1,,,,,,,
f7d96bf0-9de0-0134-1463-0aaafcbd6b1f,,,1,,,2,,3,,,5,4,,
fae81270-9de0-0134-1474-0aaafcbd6b1f,,,2,,,3,,,,5,1,4,,
04802d30-9de1-0134-8fca-0a62e1402143,,,,,,,,,,,,,,
117593f0-9de1-0134-a5f8-0aaafcbd6b1f,,,,4,,3,2,5,,,1,,,
20ce4e30-9de1-0134-90c0-0a62e1402143,5,,4,3,,2,,,,,,1,,
477c3220-9de1-0134-924a-0a62e1402143,,,,3,,,2,4,,,1,5,,
66d0f840-9de1-0134-6d29-0a62e1402143,,,1,5,,4,2,3,,,,,,
aaf69770-9de1-0134-a9e4-0aaafcbd6b1f,,,1,2,,,,,,,,,3,
d3048a50-9de1-0134-ba89-0a62e1402143,3,,,2,,,5,4,,,,1,,
1cefff10-9de2-0134-ac9b-0aaafcbd6b1f,,,4,,5,3,1,2,,,,,,
29e1f9a0-9de2-0134-ace0-0aaafcbd6b1f,,,,,,,,,,,,,,
60dd6cc0-9de2-0134-ae35-0aaafcbd6b1f,,,,,,,,,,,,,,
cc22dac0-9de2-0134-cf5a-0a62e1402143,3,,,1,,,,2,4,5,,,,
d5db6600-9de2-0134-cfa4-0a62e1402143,,,2,,3,,,,,,,1,4,
0c5d2b20-9de3-0134-c449-0a62e1402143,,,,5,,4,3,,,2,1,,,
2ce7e180-9de3-0134-b32f-0aaafcbd6b1f,,,,,,,,,,,,,,
97d47480-9de3-0134-ee30-0a62e1402143,,,,,,,,,,,,,,
9ec26d20-9de3-0134-548f-0aaafcbd6b1f,,,,3,,2,,,,1,,,4,5
b1825fe0-9de3-0134-eedf-0a62e1402143,,,4,3,,,2,1,,,,,,5
b9e2eb80-9de3-0134-ef19-0a62e1402143,,,2,3,1,,,,,4,,,,5
bd187b90-9de3-0134-ef2a-0a62e1402143,,,1,2,3,4,5,,,,,,,
caa9e150-9de3-0134-ef9f-0a62e1402143,,,4,3,,,5,1,,,,2,,
ecbd75e0-9de3-0134-5693-0aaafcbd6b1f,,,5,,,3,1,4,,,,2,,
0feecf60-9de4-0134-5753-0aaafcbd6b1f,,,,,,1,,,,,2,4,3,5
663e0aa0-9de4-0134-f44b-0a62e1402143,,,5,,1,2,3,,,,,4,,
71e8a820-9de4-0134-f493-0a62e1402143,,1,,,,,,,,,,,,
7d7caf80-9de4-0134-59dc-0aaafcbd6b1f,,,4,,,,1,3,5,,,2,,
8d54ea60-9de4-0134-f553-0a62e1402143,,3,2,4,,,1,,,5,,,,
c41c5a80-9de4-0134-a18a-0aaafcbd6b1f,4,,,2,,,1,,,,,,,3
c449e510-9de4-0134-f708-0a62e1402143,3,2,5,4,1,,,,,,,,,
c5eb3df0-9de4-0134-a198-0aaafcbd6b1f,,,2,1,,3,,,,5,,4,,
18295ef0-9de5-0134-a3d0-0aaafcbd6b1f,,,1,3,2,4,,,,,,,,5
2b82d0e0-9de5-0134-a44d-0aaafcbd6b1f,,,5,,,1,2,3,,,,4,,
7d6ce850-9de5-0134-6f0e-0a62e1402143,,,4,5,,2,1,3,,,,,,
93a7be50-9de5-0134-ac37-0aaafcbd6b1f,5,,,3,,2,4,1,,,,,,
bb7d8d30-9de5-0134-70c6-0a62e1402143,,,,3,,,1,,,,2,,4,
bfef2ee0-9de5-0134-ad52-0aaafcbd6b1f,,,2,3,,,1,,,,,,,
374544b0-9de6-0134-b0d4-0aaafcbd6b1f,,,,1,,,,,,,,,,
802ef4b0-9de6-0134-823a-0a62e1402143,,1,3,,,,2,,,,,,,
89a0c6e0-9de6-0134-18c2-0aaafcbd6b1f,,,,4,,1,3,5,,,2,,,
c10b2e10-9de6-0134-1a46-0aaafcbd6b1f,,,,2,,,,1,,,,,,
d9270150-9de6-0134-be3c-0a62e1402143,,,,4,,,5,2,,1,,3,,
2927adf0-9de7-0134-563a-0a62e1402143,,,5,3,,,,1,,,4,2,,
3fd84370-9de7-0134-1de6-0aaafcbd6b1f,,,,,,,1,,,,,,,
66da7970-9de7-0134-1f2e-0aaafcbd6b1f,4,,,1,,2,,3,,5,,,,
6a823130-9de7-0134-581e-0a62e1402143,,,,,,,,,,,,,,1
92a889b0-9de7-0134-2099-0aaafcbd6b1f,2,,,,,,,,,,,1,,
a8c8bda0-9de7-0134-2170-0aaafcbd6b1f,,,,3,,,2,,1,,,,,
dd190710-9de7-0134-5ba9-0a62e1402143,,,,,1,,,,,,,,,
b5f2dc20-9de8-0134-a903-0a62e1402143,,,,,2,,,,,,,1,,
22b00110-9dea-0134-99ad-0aaafcbd6b1f,,,2,,,,,1,,4,5,3,,
65bd5180-9dea-0134-9b7c-0aaafcbd6b1f,,,,,,,,,,,,,,
ab2be070-9dea-0134-20a0-0a62e1402143,,,2,,,,3,4,,5,,1,,
cb7f17c0-9dea-0134-2177-0a62e1402143,,,,,,,,,,1,,,,
8866c0e0-9deb-0134-af34-0a62e1402143,,,,,,5,4,1,3,2,,,,
6b4bc2e0-9dec-0134-9475-0aaafcbd6b1f,,,,,,,,,,,1,,,
92d99eb0-9dec-0134-6899-0a62e1402143,,,,,,,2,1,3,,4,,,
5704ea50-9ded-0134-51a8-0aaafcbd6b1f,5,,1,3,4,,2,,,,,,,
95a54670-9ded-0134-53c1-0aaafcbd6b1f,1,,,,,,,,,,,,,
a4766d90-9ded-0134-1a96-0a62e1402143,,,,2,,,,1,,,,,,
19537c90-9def-0134-e1de-0aaafcbd6b1f,,,,,3,1,,,,,,,2,
b9883250-9df2-0134-db1e-0aaafcbd6b1f,,,,,,,,,,2,1,,,
54f3de90-9df3-0134-dfcb-0aaafcbd6b1f,,,,1,,,,,,,,,,
8c144c30-9df3-0134-9774-0a62e1402143,,,5,3,2,,1,,,4,,,,
7806a380-9df5-0134-815b-0aaafcbd6b1f,,,3,1,,,,,,,,,2,
1e3aeeb0-9df6-0134-32fe-0aaafcbd6b1f,,,,,,,,,,,,,,
6821dce0-9df6-0134-359b-0aaafcbd6b1f,,,,1,2,,3,,,,,,,
2b3f8430-9dfc-0134-d6f3-0a62e1402143,,1,,4,,,5,,,,2,,,3
f26a5e80-9dfc-0134-25d5-0aaafcbd6b1f,3,,,1,2,,,,,,,,,
901cd110-9dfd-0134-f4d3-0a62e1402143,,,,,,1,3,4,,,2,,5,
322fe460-9dfe-0134-6b80-0a62e1402143,,,,4,,5,1,2,,,,3,,
9f85c020-9dfe-0134-24f6-0a62e1402143,,,5,4,1,,,,,3,,,,2
5d254770-9e00-0134-1eba-0a62e1402143,,,1,3,,4,2,,,,,,,
b14a0960-9e00-0134-c480-0aaafcbd6b1f,,,,,,,,,,,,,,
06b65e80-9e01-0134-8643-0a62e1402143,,,,,,,,,,,,,,
7df18410-9e02-0134-d0bc-0aaafcbd6b1f,,,,,,,,2,,4,3,1,,
c7533ec0-9e02-0134-d2a5-0aaafcbd6b1f,,,,,,3,2,,,1,5,,,4
0f6db620-9e03-0134-9b93-0a62e1402143,,,3,4,,,,2,,,,1,5,
588d5820-9e03-0134-d3ca-0aaafcbd6b1f,,,,,,,,,,,,,,
7c69c990-9e03-0134-d241-0aaafcbd6b1f,,,,,,,,,,,,,,
c6a9bd00-9e03-0134-c3b0-0a62e1402143,,,3,,,,,,,1,,2,,
ef095fd0-9e03-0134-b91a-0a62e1402143,1,2,4,3,5,,,,,,,,,
6acb6ce0-9e04-0134-8d91-0a62e1402143,,,,,,,,,,,,,,
6b8eeb30-9e04-0134-b16e-0aaafcbd6b1f,3,1,,,,2,4,,,,,,,5
ce3c87a0-9e04-0134-b47e-0aaafcbd6b1f,,,4,,,,3,1,,5,,2,,
d07ef6f0-9e04-0134-b495-0aaafcbd6b1f,,,3,2,5,1,,,,,,4,,
cb804810-9e05-0134-2cab-0aaafcbd6b1f,4,5,,,,1,3,,,,2,,,
8e28bce0-9e07-0134-dc62-0a62e1402143,5,,2,,,3,4,,,1,,,,
facaee50-9e07-0134-5adf-0a62e1402143,,,,,,2,1,,,,,,4,3
93f5bdb0-9e08-0134-e253-0a62e1402143,,,5,1,,4,3,,2,,,,,
c5217180-9e09-0134-0ff6-0a62e1402143,,,,,,,,,,,,,,
f0514f00-9e0a-0134-65f0-0aaafcbd6b1f,,,2,,,,3,1,,,,,,
1730cf50-9e0b-0134-cdd3-0a62e1402143,,,,2,,,3,,,,1,,,
4197a100-9e0b-0134-41da-0aaafcbd6b1f,4,1,,,,5,2,,,,3,,,
58345910-9e0b-0134-429f-0aaafcbd6b1f,,,1,2,3,,4,,,,,5,,
8a40ebc0-9e0b-0134-4fb2-0aaafcbd6b1f,,5,,4,,,2,,,,1,3,,
8d1ef9e0-9e0b-0134-4fce-0aaafcbd6b1f,,,,,,,,,,,,,,
888273c0-9e0c-0134-5aec-0aaafcbd6b1f,,3,1,2,,,,,,,,,,
56d767e0-9e0d-0134-e093-0aaafcbd6b1f,,,5,1,,4,3,,,,,2,,
5a398cb0-9e0d-0134-4eee-0a62e1402143,,4,1,2,5,3,,,,,,,,
c958d140-9e0d-0134-4921-0a62e1402143,2,,,1,,,,3,4,,,,,
1d475290-9e0e-0134-efbf-0a62e1402143,,,,1,,3,,2,4,,,,,
588c84c0-9e0e-0134-ad1b-0a62e1402143,,2,3,,,,,,,,1,,,
6db86a90-9e0e-0134-ea2c-0aaafcbd6b1f,,,,,,,,,,,,,,
9398b620-9e0e-0134-50f1-0aaafcbd6b1f,,5,,,,1,,4,3,2,,,,
be7ccff0-9e0e-0134-527e-0aaafcbd6b1f,,5,,1,,,,2,4,,,3,,
d8c92a10-9e0e-0134-5356-0aaafcbd6b1f,,,,,,,,,,,,,,
ecfd0f70-9e0e-0134-759d-0a62e1402143,,,,,5,4,3,1,,,,2,,
1fda5c30-9e0f-0134-7753-0a62e1402143,,,5,3,,1,4,,,,,2,,
3aca9020-9e0f-0134-567c-0aaafcbd6b1f,,,,,,,,,,,,,,
491894b0-9e0f-0134-78fa-0a62e1402143,,,4,,3,,1,,,2,,,,5
884dd2d0-9e0f-0134-7b02-0a62e1402143,,5,,,,3,2,,,4,1,,,
a99ba1b0-9e0f-0134-7c34-0a62e1402143,5,,,1,,2,4,,,,,3,,
00394410-9e10-0134-2ffe-0aaafcbd6b1f,,,3,,4,,1,,,,5,2,,
38a61730-9e10-0134-31ca-0aaafcbd6b1f,,,4,,,2,1,5,,,,3,,
5babcae0-9e10-0134-3316-0aaafcbd6b1f,,1,,,2,,,4,3,,,,,
73805870-9e10-0134-6156-0aaafcbd6b1f,5,,,4,,,3,2,,,,1,,
76532940-9e10-0134-616e-0aaafcbd6b1f,,,,,,,,,,1,,,,
9983b750-9e10-0134-54e0-0a62e1402143,2,,,,,4,1,,,,5,,,3
054bcc20-9e11-0134-ed53-0a62e1402143,,,,,,,,,,,,,,
45730950-9e11-0134-43f0-0aaafcbd6b1f,1,,,,,2,,,,,,4,3,5
9ebc75b0-9e11-0134-5b3d-0a62e1402143,,,,,,,,,,,,1,,
aa134670-9e11-0134-066c-0a62e1402143,5,,3,4,,,1,,,2,,,,
ad19dff0-9e11-0134-0688-0a62e1402143,,,,,,,1,3,,,,2,4,5
0b8ca9c0-9e12-0134-9ae5-0a62e1402143,3,,5,4,,2,,,,,1,,,
1284f200-9e12-0134-af46-0aaafcbd6b1f,,,,,,,,,,,,,,
1bb41d50-9e12-0134-af8b-0aaafcbd6b1f,,,,,,,,,,,,,,
28a5a530-9e12-0134-afe0-0aaafcbd6b1f,,,2,4,,3,5,,,1,,,,
3e9f1f00-9e12-0134-b0a3-0aaafcbd6b1f,1,,,5,4,2,,,,3,,,,
874168d0-9e12-0134-a280-0a62e1402143,,,,1,,3,4,,,,,,,2
8d51e0c0-9e12-0134-a2ac-0a62e1402143,,,3,2,,,,,,,,1,,4
9becc810-9e12-0134-b3b5-0aaafcbd6b1f,1,,,2,,,4,5,,,3,,,
d16190b0-9e12-0134-a4ae-0a62e1402143,,,,,1,,,,,,,,,
d1a3fc40-9e12-0134-c3d8-0aaafcbd6b1f,,,,2,3,,1,4,,5,,,,
d558ba40-9e12-0134-a4cb-0a62e1402143,,,,3,,5,2,,,,1,4,,
d96f5020-9e12-0134-a4f1-0a62e1402143,,,,1,,,3,2,4,,,,,
df675d70-9e12-0134-9c26-0a62e1402143,,,,,3,5,1,2,,4,,,,
e090d360-9e12-0134-c45f-0aaafcbd6b1f,,,,,,,2,,,,4,1,3,
2c2e0b10-9e13-0134-9eb8-0a62e1402143,,,,,,,,,,,,,,
9e4a8f90-9e13-0134-c063-0a62e1402143,1,,2,,,5,3,4,,,,,,
be9c2680-9e13-0134-caf3-0aaafcbd6b1f,,,,,,,,,,,1,,2,
ecde8c00-9e13-0134-cc5a-0aaafcbd6b1f,,,2,4,5,,3,1,,,,,,
f2c177a0-9e13-0134-5b43-0a62e1402143,,,4,1,,2,5,,,3,,,,
45913300-9e14-0134-6bef-0aaafcbd6b1f,,,1,2,,,,,,,,,,
71cd6fc0-9e14-0134-6d1c-0aaafcbd6b1f,,4,3,,,5,2,,,,,1,,
b164f550-9e14-0134-9453-0a62e1402143,,,3,5,,4,2,,,,1,,,
d29a4140-9e14-0134-2e45-0aaafcbd6b1f,,2,,5,,3,4,,,,1,,,
dd6b8960-9e14-0134-95b1-0a62e1402143,,,,,,,,,,,,,,
df3bef00-9e14-0134-95c1-0a62e1402143,5,,,3,1,,4,,,,,2,,
fdcf6e50-9e14-0134-2f66-0aaafcbd6b1f,,,2,,,4,5,3,,,,1,,
39ccf710-9e15-0134-b4bd-0a62e1402143,,,,,,,,,,,,,,
3cb340f0-9e15-0134-b4cf-0a62e1402143,,,3,4,,,1,2,,,5,,,
f99ea5b0-9e15-0134-2ada-0a62e1402143,,2,,3,,,,,,,,4,,1
af0a7a80-9e16-0134-a25c-0aaafcbd6b1f,,,,,3,,1,,,4,,2,,
7cafbef0-9e17-0134-2c99-0a62e1402143,,,,4,,2,1,,,,3,,,
b490c720-9e17-0134-2eb4-0a62e1402143,,,2,,1,,,,,,,,,
d8984f20-9e17-0134-e451-0a62e1402143,4,3,,,,,5,2,,,1,,,
0ce49b30-9e18-0134-558f-0aaafcbd6b1f,,,,1,,3,2,,,,,5,,4
b11fef10-9e18-0134-5a88-0aaafcbd6b1f,,,4,,,,1,2,,,,,,3
10124be0-9e19-0134-3206-0a62e1402143,,,,,,,4,1,,,3,2,5,
2f13ed30-9e19-0134-5e7b-0aaafcbd6b1f,,4,,5,,1,2,,,,3,,,
3e87fc10-9e19-0134-5eea-0aaafcbd6b1f,,,,1,,3,2,,,,4,5,,
59568070-9e19-0134-9d36-0a62e1402143,,,3,1,,,2,,,5,4,,,
b07bcac0-9e19-0134-a9af-0aaafcbd6b1f,,,,,,,1,2,,,3,,4,5
13ca65f0-9e1a-0134-d7b4-0a62e1402143,,,,,,,,,,,,1,,
1cbab870-9e1a-0134-e6de-0aaafcbd6b1f,,,2,,,,,,,,,1,,
3b8f5520-9e1a-0134-e7ad-0aaafcbd6b1f,1,,,,,2,,,,,,3,,
48d56f40-9e1a-0134-e7fb-0aaafcbd6b1f,3,,,4,,1,2,,,,5,,,
7aaa9490-9e1a-0134-5db2-0a62e1402143,,,,4,,1,2,3,,5,,,,
981256e0-9e1a-0134-2c1d-0aaafcbd6b1f,,,3,1,2,,4,,,,,,5,
9b31fda0-9e1a-0134-2c3d-0aaafcbd6b1f,,,,3,,4,1,5,,2,,,,
cf0e82d0-9e1a-0134-924c-0a62e1402143,1,,,3,,2,4,,,,5,,,
dd9c9a90-9e1a-0134-92c8-0a62e1402143,,,,4,,3,2,,,,5,1,,
0a76e810-9e1b-0134-2f66-0aaafcbd6b1f,,,,,,,,,,,,,,
5ac5d190-9e1b-0134-4fd1-0a62e1402143,3,4,5,1,,,,2,,,,,,
8143f100-9e1b-0134-a5b0-0a62e1402143,,4,2,3,,1,,,,,5,,,
96c92ed0-9e1b-0134-a63e-0a62e1402143,,4,,,,,1,3,,,2,,,5
bf2d3090-9e1b-0134-3481-0aaafcbd6b1f,,,,,,,,,,,,,,
e6a70b10-9e1b-0134-356f-0aaafcbd6b1f,,,1,4,5,,2,3,,,,,,
43243530-9e1c-0134-37eb-0aaafcbd6b1f,2,,,3,,4,,5,,1,,,,
65a71450-9e1c-0134-1520-0a62e1402143,,1,,4,,,,3,,2,,,,
68faf7c0-9e1c-0134-38d2-0aaafcbd6b1f,2,,,1,,3,4,5,,,,,,
7286ea80-9e1c-0134-ad52-0a62e1402143,1,,4,,,,2,,,3,5,,,
8e4e6240-9e1c-0134-ae06-0a62e1402143,,,,1,,3,2,5,,,,4,,
9870bd30-9e1c-0134-3a26-0aaafcbd6b1f,2,,,,,,,,,1,,,,
9a2a0770-9e1c-0134-3a31-0aaafcbd6b1f,,,,,,,,,1,,,,2,
9de08480-9e1c-0134-3a52-0aaafcbd6b1f,4,,,2,,,1,3,,,,,,
fcd3d100-9e1c-0134-439f-0aaafcbd6b1f,,,,4,,,,,1,2,5,3,,
28327450-9e1d-0134-b206-0a62e1402143,,,,,,,,,,,,,,
53eda8c0-9e1d-0134-45f3-0aaafcbd6b1f,,1,,,,,,,,,,,,
958a45c0-9e1d-0134-1685-0aaafcbd6b1f,1,,,2,3,4,,5,,,,,,
a109ef10-9e1d-0134-16d3-0aaafcbd6b1f,,4,,,,2,3,,,,,1,5,
abf14060-9e1d-0134-1725-0aaafcbd6b1f,,,1,,,,,,,,,,,
36417e50-9e1e-0134-1afb-0aaafcbd6b1f,,,1,3,,2,4,5,,,,,,
75217c50-9e1e-0134-c3f2-0aaafcbd6b1f,,,,2,,1,3,,,,,5,,4
b9c90200-9e1e-0134-88bd-0a62e1402143,,,5,4,,3,1,,,,,2,,
c870f810-9e1e-0134-c61d-0aaafcbd6b1f,,,,1,,,,,,,,,,
f70a0dd0-9e1e-0134-c777-0aaafcbd6b1f,,1,,,,,,,,2,,,,
1b6ac8f0-9e1f-0134-c87f-0aaafcbd6b1f,1,,,,,4,3,,,5,2,,,
81ada640-9e1f-0134-cb29-0aaafcbd6b1f,,,,2,,1,,4,,,,3,,
a0868400-9e1f-0134-a41c-0a62e1402143,1,,,2,,3,4,,,5,,,,
aafdaed0-9e1f-0134-a486-0a62e1402143,3,,,1,,2,,,,,,,5,4
acfb8440-9e1f-0134-a498-0a62e1402143,,,,,,3,2,,,,,1,4,5
b5bf8920-9e1f-0134-d02b-0aaafcbd6b1f,,,,1,,,,,,,,,,
c82127c0-9e1f-0134-d0cd-0aaafcbd6b1f,,,,1,,3,2,,,,,,,
de966b60-9e1f-0134-191c-0a62e1402143,,,,,,,,,,,,,,
3c317900-9e20-0134-1bed-0a62e1402143,,,,,,,,,,,,,,
71619550-9e20-0134-d510-0aaafcbd6b1f,,,,,,,,,,,,,,
d057c3d0-9e20-0134-d7ad-0aaafcbd6b1f,1,2,,,,5,3,,,,4,,,
d6e4a540-9e20-0134-d7dd-0aaafcbd6b1f,,,,2,4,,,,,1,,5,,3
e23607b0-9e20-0134-cce6-0a62e1402143,,,,1,,,,,,,,,,
050a2420-9e21-0134-cdff-0a62e1402143,2,,,,,,1,,,,3,,4,5
bce1eb70-9e21-0134-2126-0a62e1402143,3,5,,,,2,4,,,,1,,,
35989710-9e23-0134-2613-0aaafcbd6b1f,5,,4,1,,,,2,,,,3,,
d3b797d0-9e23-0134-37c6-0a62e1402143,,,,,,,,,,,,,,
454db7b0-9e25-0134-934f-0aaafcbd6b1f,,,2,,,,1,4,,3,,5,,
668c4dd0-9e25-0134-93f3-0aaafcbd6b1f,,,3,1,,,,2,,,,,,
8dbf1050-9e25-0134-94c5-0aaafcbd6b1f,,,3,1,5,2,,,,4,,,,
6cbb3520-9e26-0134-f7e4-0a62e1402143,,,,3,,4,1,2,5,,,,,
8b3da6e0-9e26-0134-f88e-0a62e1402143,,,,,2,,1,,,,3,,4,
a0e236d0-9e26-0134-7bbe-0aaafcbd6b1f,,,4,3,,,1,2,,5,,,,
5ffe6f20-9e27-0134-808c-0aaafcbd6b1f,,,3,1,,4,5,2,,,,,,
c9383660-9e28-0134-1d3e-0aaafcbd6b1f,3,,1,2,,,,,,,,,,
d8d710f0-9e28-0134-9ce5-0a62e1402143,,,1,,,,,,,,,,,
a9c9b360-9e29-0134-2ece-0a62e1402143,,,3,2,,4,,,,,1,,,
bf060970-9e29-0134-2f4f-0a62e1402143,,1,4,2,,3,,,,,,,,
e8e827e0-9e29-0134-3061-0a62e1402143,,,,,,1,,,,,,,,
10e29630-9e2a-0134-78d4-0a62e1402143,2,,,,,1,3,,,,5,4,,
50fff3e0-9e2b-0134-064c-0a62e1402143,,,5,,,,4,,,3,,1,,2
53573300-9e2b-0134-0663-0a62e1402143,,,2,3,,,,1,,,,,,
7730a410-9e2c-0134-4fdf-0aaafcbd6b1f,,,,,,,,,,,,,,
cfa039d0-9e2c-0134-5296-0aaafcbd6b1f,,4,,,,,3,,,,1,2,5,
74c99730-9e2d-0134-570e-0aaafcbd6b1f,,,1,,,,,,,,,,,
c35294f0-9e2e-0134-ef7d-0a62e1402143,,,,1,,,,,,,,,,
4245d760-9e2f-0134-7841-0a62e1402143,3,4,5,,,1,2,,,,,,,
97439190-9e2f-0134-7a98-0a62e1402143,,,,,,,,,,,,,,
9af05720-9e2f-0134-5b91-0aaafcbd6b1f,,,4,2,,1,,3,,,,5,,
d1406f70-9e2f-0134-596a-0aaafcbd6b1f,3,,,1,5,2,,,,,4,,,
efab0a30-9e2f-0134-5a2e-0aaafcbd6b1f,,,2,3,,4,1,5,,,,,,
a3ad3390-9e31-0134-cdb3-0aaafcbd6b1f,5,,,,,1,3,,,2,4,,,
d0b63b30-9e32-0134-6c2d-0a62e1402143,5,,,2,,3,,,,,,1,4,
9cbdd0a0-9e33-0134-da67-0aaafcbd6b1f,1,,4,,5,,2,,3,,,,,
9d209660-9e33-0134-da69-0aaafcbd6b1f,2,,,1,,3,4,,,,,,,
d23c7e80-9e33-0134-3895-0a62e1402143,,,,,,3,2,4,5,,1,,,
da2eb430-9e33-0134-dbf0-0aaafcbd6b1f,,,,,,,,1,,,,,,
0abe80c0-9e34-0134-dd11-0aaafcbd6b1f,1,2,3,4,,,,,,,,,,
82f9e0f0-9e34-0134-363e-0a62e1402143,,,,,,1,,,,2,3,4,,
dbddd7b0-9e34-0134-3816-0a62e1402143,,,,,,2,1,5,,,4,3,,
5153d090-9e35-0134-2192-0a62e1402143,,,3,4,,,2,,,,,1,,
cb384010-9e35-0134-a81d-0aaafcbd6b1f,,,,,,3,1,,,,4,2,,
1d141ac0-9e36-0134-aa56-0aaafcbd6b1f,,,,,1,,,,,,,,,
51123460-9e36-0134-ab85-0aaafcbd6b1f,,,2,3,,5,4,,,,,1,,
54918f70-9e36-0134-ab99-0aaafcbd6b1f,,,,,,,,,,,,1,,
1f4ddad0-9e37-0134-273a-0aaafcbd6b1f,,4,,,,3,,5,,2,1,,,
3bddc0e0-9e3a-0134-1fc1-0aaafcbd6b1f,1,,,,,2,5,,,,3,,,4
3fe0f070-9e3b-0134-515b-0a62e1402143,,5,1,2,,,,,,4,,3,,
a66f2370-9e3b-0134-c19f-0aaafcbd6b1f,,,1,,,2,3,4,,,,5,,
cde1ad20-9e3b-0134-5417-0a62e1402143,5,,,,,1,,,,,2,,4,3
58a568f0-9e3e-0134-60ab-0a62e1402143,,5,,4,,,3,1,,,,2,,
66508d00-9e3e-0134-60fc-0a62e1402143,,,1,3,,,,,,2,,4,5,
22cce5e0-9e3f-0134-3213-0a62e1402143,,,2,1,,,,3,,,5,,4,
ee1f02f0-9e40-0134-f13a-0a62e1402143,,,,3,,1,2,,,,,4,,
8237eff0-9e44-0134-3776-0aaafcbd6b1f,5,,,2,,1,3,,,,,4,,
3fed3180-9e45-0134-c823-0aaafcbd6b1f,,,4,3,,,2,,,,,1,5,
ba5b4b50-9e45-0134-14c2-0a62e1402143,1,,,,,,,,,,,3,2,4
63971e50-9e46-0134-cd94-0aaafcbd6b1f,,,5,1,,,,,,3,,2,,4
8dcffb30-9e46-0134-18e8-0a62e1402143,,,,,,,,,,,,,,
9e2e2650-9e47-0134-1d40-0a62e1402143,1,,,,,2,3,,,,,,5,4
a5cb1a60-9e47-0134-1d5c-0a62e1402143,,3,,,4,,,2,,,,1,,
bd6b3230-9e47-0134-dc1b-0aaafcbd6b1f,,,,,,,,,,,,,,
f1cb9bf0-9e47-0134-dd34-0aaafcbd6b1f,,,1,,,,,,,,,,,
e2b1be00-9e48-0134-e1ed-0aaafcbd6b1f,,,,4,5,3,1,,,,,2,,
053c1a30-9e49-0134-e2a5-0aaafcbd6b1f,,,1,,,,,,,,,,,
2fac8270-9e49-0134-e35f-0aaafcbd6b1f,,,,1,2,5,3,4,,,,,,
21c32040-9e4a-0134-4844-0a62e1402143,,,,2,3,,1,,,,,5,,4
3a055da0-9e4a-0134-508f-0aaafcbd6b1f,,,,4,,,1,5,,,2,3,,
532d72c0-9e4a-0134-4954-0a62e1402143,,,5,4,1,3,,,,,,2,,
8089f820-9e4c-0134-599e-0aaafcbd6b1f,,,,3,1,,,2,,,,4,,
d415cd60-9e4c-0134-213e-0a62e1402143,1,3,2,,,,,,,,,,,
f5543f40-9e4c-0134-21ee-0a62e1402143,,,,,,2,4,,,3,1,,,
42190e30-9e4d-0134-2351-0a62e1402143,,,4,5,,3,1,,,,,2,,
cf655500-9e4d-0134-6016-0aaafcbd6b1f,,,,,,1,5,4,,,2,3,,
4cbe5420-9e4e-0134-7254-0a62e1402143,,,2,,,,1,,,5,3,4,,
6a718270-9e4e-0134-4655-0aaafcbd6b1f,,,,,,1,,,,,,,,
bcfc53f0-9e4e-0134-47b5-0aaafcbd6b1f,,,1,4,,2,,,,5,,3,,
e8a03c50-9e4e-0134-485e-0aaafcbd6b1f,,,1,3,,5,4,,,,,2,,
41fc1120-9e4f-0134-6815-0a62e1402143,1,,,5,,,,2,,3,,4,,
1021eee0-9e50-0134-6c70-0a62e1402143,,,1,,2,,,,,3,,,5,4
465441c0-9e50-0134-ba64-0a62e1402143,,,,2,1,,4,,3,,,,,5
bab65870-9e50-0134-bbc2-0a62e1402143,1,,,,,3,,,,2,4,,5,
ac841730-9e51-0134-5431-0aaafcbd6b1f,,,,,,,,,,,,,,
46782db0-9e52-0134-569b-0aaafcbd6b1f,4,,2,,,5,1,3,,,,,,
bc549e30-9e52-0134-58ac-0aaafcbd6b1f,,,5,1,,2,,4,,,,3,,
4645b690-9e54-0134-9fdd-0a62e1402143,,,1,3,2,,,,,5,,,,4
6dd9dac0-9e54-0134-79f7-0a62e1402143,,,4,3,,,,,,,2,1,5,
be282f80-9e54-0134-ec80-0a62e1402143,,,,,,,,,,,,,,
47f9f0c0-9e55-0134-63e3-0aaafcbd6b1f,,,,,,3,2,4,5,,,1,,
9fc9db70-9e55-0134-65d2-0aaafcbd6b1f,,5,4,3,2,,1,,,,,,,
bff4dcd0-9e55-0134-668c-0aaafcbd6b1f,,,5,3,,2,,,,,1,4,,
fe1e7750-9e55-0134-67aa-0aaafcbd6b1f,,,3,,,,4,2,,5,,1,,
405b23d0-9e56-0134-5898-0a62e1402143,1,,,,,5,4,,,,3,2,,
336cbc70-9e57-0134-2fa5-0a62e1402143,,3,1,5,,,,,2,,,,,4
ebe014f0-9e57-0134-3308-0a62e1402143,,,,1,,2,3,,,,,4,,5
574c0e20-9e59-0134-7617-0aaafcbd6b1f,,,,3,,4,2,,,,1,,,5
dce368b0-9e5a-0134-3773-0a62e1402143,,,1,,2,4,3,,,,,,,
577e2a90-9e5b-0134-7f15-0aaafcbd6b1f,,,,,3,4,,1,,5,2,,,
d6263e20-9e5b-0134-c869-0a62e1402143,4,,,,,3,5,,,2,1,,,
9b6003f0-9e5c-0134-da64-0aaafcbd6b1f,,,3,2,,4,1,,,,5,,,
2a051fb0-9e5e-0134-ff40-0aaafcbd6b1f,,,5,1,,,3,2,,,,4,,
776cccc0-9e5e-0134-58e7-0aaafcbd6b1f,,,4,1,,2,3,,,5,,,,
969f4a80-9e5e-0134-596b-0aaafcbd6b1f,2,3,1,4,5,,,,,,,,,
d1d94ed0-9e5e-0134-5a22-0aaafcbd6b1f,5,,4,3,,,,,,2,1,,,
a901ad20-9e5f-0134-5dc5-0aaafcbd6b1f,3,,4,,,,1,,2,,,5,,
3c1188a0-9e60-0134-a0b2-0aaafcbd6b1f,,,2,1,3,,,,,,,,,
c22ab1f0-9e60-0134-237e-0a62e1402143,,5,,,,4,1,,,2,,3,,
f6a19b10-9e60-0134-246d-0a62e1402143,,,,,,,,,,,,,,
945443d0-9e61-0134-a660-0aaafcbd6b1f,,,,,,5,,2,,3,4,1,,
5cbf3440-9e62-0134-aa05-0a62e1402143,4,5,,,,3,2,,,,1,,,
b03cda00-9e62-0134-abaa-0a62e1402143,,,,5,,4,3,,,2,1,,,
182f8b40-9e63-0134-aded-0a62e1402143,,,,,,,1,2,,,4,3,5,
8551d280-9e63-0134-0f27-0a62e1402143,1,,,,,,,,,,,,,
3d1d8d60-9e64-0134-12bc-0a62e1402143,,,1,5,,2,,,,,,3,4,
bd5ce790-9e64-0134-de8a-0a62e1402143,,,,1,5,2,4,,,,3,,,
dd839e80-9e64-0134-e848-0aaafcbd6b1f,,,,4,,1,3,2,,,,,,
8778cbb0-9e65-0134-eb87-0aaafcbd6b1f,,,,,,,,,,1,,,,
4ef20d00-9e66-0134-eea5-0aaafcbd6b1f,,,3,,2,,,4,,,,1,,
6f0b69d0-9e66-0134-ef31-0aaafcbd6b1f,,,2,3,,1,4,,,,,5,,
736d1b40-9e66-0134-e638-0a62e1402143,,,,,,,,,,,,,,
768b3bc0-9e66-0134-ef56-0aaafcbd6b1f,3,5,,4,,1,2,,,,,,,
dfd5dbb0-9e66-0134-f11c-0aaafcbd6b1f,,4,,1,5,,3,2,,,,,,
0efad080-9e67-0134-a502-0aaafcbd6b1f,,,,4,,5,2,,,,1,3,,
e9c51430-9e67-0134-a9f2-0a62e1402143,,,,2,,,5,3,1,,4,,,
86527040-9e68-0134-ab85-0aaafcbd6b1f,,,1,3,,2,5,,,,,4,,
8912e690-9e69-0134-af99-0aaafcbd6b1f,,,1,3,4,,5,,,2,,,,
a9544680-9e6a-0134-82f7-0a62e1402143,,,,,,,,,,,,,,
bccc6b60-9e6a-0134-8338-0a62e1402143,,,,,,,1,,,2,3,,,
c98a9200-9e6c-0134-a921-0aaafcbd6b1f,,,,,,4,2,3,,,,1,,
a5c579d0-9e6d-0134-acfd-0aaafcbd6b1f,5,4,,1,,,2,3,,,,,,
2b84f3e0-9e6e-0134-afb5-0aaafcbd6b1f,,,,2,,,1,3,,,,,,
6ebef1c0-9e6e-0134-1ef4-0a62e1402143,,,,2,1,4,,,,,,3,5,
e7de5330-9e6e-0134-b2d2-0aaafcbd6b1f,,,,,,,,,,,,,,
fd3a1ad0-9e6e-0134-c306-0aaafcbd6b1f,3,,1,4,2,,5,,,,,,,
360c6820-9e6f-0134-c40b-0aaafcbd6b1f,,,,,,5,4,,,,1,2,3,
46f006b0-9e6f-0134-c45c-0aaafcbd6b1f,,,,4,,1,2,,,,,3,5,
60964f10-9e71-0134-7f7f-0aaafcbd6b1f,,,,3,,2,4,1,,,,5,,
78d176a0-9e71-0134-a669-0a62e1402143,,3,1,,5,2,,4,,,,,,
9ed27230-9e71-0134-a74e-0a62e1402143,,,,2,,3,4,,,,,1,,5
cceecf90-9e72-0134-85ad-0aaafcbd6b1f,3,4,,,,,2,,,,,1,5,
ce024130-9e73-0134-89d8-0aaafcbd6b1f,1,,,,,,,2,,,,,,
64be3c20-9e74-0134-dba6-0aaafcbd6b1f,,2,,,,1,3,,,,,,4,5
71009420-9e75-0134-6091-0a62e1402143,,,1,,,,2,,,4,3,5,,
f1ad4660-9e77-0134-8591-0a62e1402143,,,,,,2,1,,,,,,,
5dd4f060-9e78-0134-2604-0a62e1402143,,,,,1,2,3,,,,,,,
eaed3a10-9e79-0134-8b5b-0a62e1402143,,,3,2,,,1,4,,,,5,,
1ac92dd0-9e7a-0134-8c4b-0a62e1402143,,,,,,,,,,,,,,
81b31b90-9e7b-0134-dc49-0aaafcbd6b1f,,1,,4,,2,,,,,3,5,,
a2890660-9e7b-0134-eb2d-0a62e1402143,,,,2,,,1,3,,,,4,,
70e231d0-9e7c-0134-48d7-0a62e1402143,,4,2,1,,,,3,,,,,,
00894de0-9e7f-0134-b125-0aaafcbd6b1f,,,,,,,1,,,,,,,
46cb1960-9e80-0134-b727-0aaafcbd6b1f,1,2,,,,,,,,,,,3,
f4f8d1d0-9e81-0134-b5c9-0a62e1402143,,,3,2,,4,,,,,,1,,
8eb2a940-9e88-0134-3dab-0aaafcbd6b1f,2,,,,1,,3,,,4,,,,
6a48d0b0-9e89-0134-f430-0aaafcbd6b1f,,,1,2,,,,,,,,3,,
917a8480-9e8d-0134-0a51-0aaafcbd6b1f,3,,,4,,,1,,,,2,,5,
c1928b00-9e91-0134-0ee3-0aaafcbd6b1f,5,,,1,,2,4,,,,,3,,
e3ca35d0-9e95-0134-f5e8-0a62e1402143,,,,,,,,,,,,,,
7a71a780-9e99-0134-076a-0aaafcbd6b1f,,,3,1,,,2,4,,,,5,,
6b3cf120-9e9e-0134-6a2e-0aaafcbd6b1f,,,5,2,,,1,3,,,,4,,
3b960860-9e9f-0134-3264-0aaafcbd6b1f,4,,,3,,,2,,,,1,5,,
7f9e7ac0-9e9f-0134-2b2a-0a62e1402143,,,,,,,,,,,1,,,
5ae6ade0-9ea1-0134-ebd2-0a62e1402143,,,5,1,,4,2,3,,,,,,
1d804890-9ea2-0134-f0d9-0a62e1402143,5,,,,,1,3,,,,2,4,,
5f759700-9ea4-0134-2622-0aaafcbd6b1f,,,,,,,,,,,,,,
958bdd20-9ea7-0134-dcf5-0a62e1402143,,,4,,,1,,,,3,,2,,
189f7fb0-9eaa-0134-f935-0aaafcbd6b1f,,,,,,,,,,,,,,
23f720e0-9eac-0134-1b20-0a62e1402143,5,,,,,2,1,,,,3,4,,
fa198890-9eac-0134-5a7d-0aaafcbd6b1f,,,,,,,,,,,,,,
7f6a5ec0-9eb3-0134-162d-0aaafcbd6b1f,,1,,,,,,,,,,,,
c5872740-9eb7-0134-7528-0aaafcbd6b1f,,,,5,,,4,1,,,2,3,,
796fa200-9eb9-0134-70d9-0a62e1402143,,,,5,2,4,,3,,1,,,,
b6f5b200-9ec6-0134-ec3e-0a62e1402143,2,,,,,3,,,,,1,,,4
7f08eec0-9ec8-0134-4886-0a62e1402143,,,1,,,5,2,,,,4,3,,
9f10eb10-9ec9-0134-b03f-0a62e1402143,,,4,5,2,,,,,1,,3,,
3e34bbc0-9eca-0134-368c-0aaafcbd6b1f,,,3,,5,2,4,,,,,1,,
401825e0-9eca-0134-369b-0aaafcbd6b1f,,,,1,4,,5,2,,,,3,,
8420d900-9ecd-0134-8bb4-0a62e1402143,,,3,2,5,4,1,,,,,,,
5f9821f0-9ece-0134-bb3e-0aaafcbd6b1f,4,,,2,5,,1,,,,,3,,
dcd523d0-9ece-0134-13f5-0a62e1402143,,,4,,,2,3,1,5,,,,,
52cc7ae0-9ed1-0134-7f41-0aaafcbd6b1f,,,,,,,1,,,2,,3,,
43d161d0-9ed2-0134-22eb-0a62e1402143,,4,,3,1,,,2,,,,,,5
b1234430-9ed2-0134-751f-0a62e1402143,1,,,,,,2,,,,,3,,
bbe38530-9ed2-0134-8983-0aaafcbd6b1f,,,,,,,,,,,,,,
6d0f14f0-9ed3-0134-dec2-0aaafcbd6b1f,3,4,,,,2,1,,,,5,,,
ce199af0-9ed3-0134-e132-0aaafcbd6b1f,1,,,,,2,5,,,,3,4,,
8026b100-9ed4-0134-26da-0a62e1402143,,1,,3,,4,2,,,,5,,,
97185be0-9ed5-0134-0d2f-0aaafcbd6b1f,,,2,5,1,,4,3,,,,,,
af819d70-9ed5-0134-0df4-0aaafcbd6b1f,1,,,4,,2,3,,,,,,5,
f7182d50-9ed5-0134-8cc1-0a62e1402143,5,,,,2,4,,3,,,1,,,
f25f14d0-9ed8-0134-65b8-0aaafcbd6b1f,,,2,,,3,,,,4,1,5,,
de261930-9ed9-0134-6cb0-0aaafcbd6b1f,,1,,2,5,3,,4,,,,,,
e0884c00-9ed9-0134-78df-0a62e1402143,,,5,3,,2,1,,,4,,,,
e03a5f90-9eda-0134-73b7-0aaafcbd6b1f,,,,,,,2,,,1,,,3,
012975c0-9edc-0134-4e07-0aaafcbd6b1f,,,4,1,,,,2,,,,3,,
7f7c23f0-9edc-0134-51cb-0aaafcbd6b1f,,,,,,2,4,3,,,1,,,
fe13db00-9edc-0134-5535-0aaafcbd6b1f,,1,,,,,,,,,,,,
5b5b87e0-9ede-0134-c531-0aaafcbd6b1f,,,2,1,,,3,4,,,,5,,
eb9d3c30-9ede-0134-c925-0aaafcbd6b1f,,,4,,1,2,5,,,3,,,,
4be11d00-9edf-0134-21e8-0aaafcbd6b1f,,,,,,,,,,,,,,
2fcb3360-9ee3-0134-3680-0a62e1402143,3,,4,5,,2,1,,,,,,,
7c9c0980-9ee6-0134-258e-0aaafcbd6b1f,,,4,1,,3,,,,2,,,,
b0377ce0-9ee9-0134-4ce7-0aaafcbd6b1f,,,3,4,5,,1,,,,,2,,
5f297800-9eeb-0134-08ff-0aaafcbd6b1f,,,,,1,3,,2,,5,,4,,
20ca49c0-9ef0-0134-5492-0aaafcbd6b1f,,1,4,,5,,3,2,,,,,,
bfe92860-9ef0-0134-8d80-0a62e1402143,3,,,,,4,5,,,,,1,,2
689d3940-9ef3-0134-6a05-0aaafcbd6b1f,,,,,,,,,,,,1,,
f09ec3f0-9ef5-0134-79ae-0aaafcbd6b1f,,,5,4,,1,2,,,,,3,,
1203fc90-9ef8-0134-936b-0aaafcbd6b1f,,,4,5,1,2,,3,,,,,,
ee3a3e70-9ef8-0134-8359-0a62e1402143,,,1,2,,,5,3,,4,,,,
6aba5c20-9efb-0134-a471-0aaafcbd6b1f,1,,5,,,4,3,,,,,2,,
f1a42ba0-9efe-0134-87ee-0aaafcbd6b1f,,,2,4,,5,3,,,,,1,,
7f21cec0-9eff-0134-8b6c-0aaafcbd6b1f,,,1,,5,,2,3,4,,,,,
5131d3e0-9f00-0134-33df-0a62e1402143,,,,1,,,2,,,4,3,,5,
f1362c00-9f01-0134-9755-0aaafcbd6b1f,,,,,,,,,,,,,,
3902aa70-9f02-0134-98bb-0aaafcbd6b1f,,,,,,1,,,,,,,,
9f7c0a30-9f03-0134-664c-0aaafcbd6b1f,,,4,,1,2,3,,,5,,,,
e51e1360-9f05-0134-6cd3-0aaafcbd6b1f,,,,4,,5,1,,,2,3,,,
ebdd7a50-9f05-0134-6cec-0aaafcbd6b1f,3,,,,,2,4,,,,,1,,
8a497220-9f06-0134-6fab-0aaafcbd6b1f,1,,3,4,,,,5,,,2,,,
97210c30-9f06-0134-6fd9-0aaafcbd6b1f,5,,3,2,,,,4,,,1,,,
622b83e0-9f08-0134-9ac7-0a62e1402143,5,3,,4,,,2,,,,1,,,
381d9e20-9f0a-0134-a22c-0aaafcbd6b1f,4,,,1,,3,5,2,,,,,,
0fa7d900-9f0c-0134-86f0-0a62e1402143,,,3,1,,,2,,,,,4,,
5da80ca0-9f0c-0134-ab28-0aaafcbd6b1f,,,3,1,,,2,,,,,4,,5
95365b30-9f0d-0134-54d5-0aaafcbd6b1f,,,2,,,,1,,4,,,3,,
532c4dc0-9f0f-0134-d28f-0a62e1402143,2,,5,1,,4,3,,,,,,,
968f05d0-9f10-0134-d82a-0a62e1402143,,,,,,,,,,,,,,
03aeb2c0-9f11-0134-ccc0-0aaafcbd6b1f,,,1,4,,3,,2,,5,,,,
0b093150-9f12-0134-d0d1-0aaafcbd6b1f,1,,,,,,3,,,4,2,,5,
c5964140-9f12-0134-2c56-0a62e1402143,,,,1,,4,2,3,,5,,,,
60fb8200-9f13-0134-d640-0aaafcbd6b1f,,1,,,5,,3,,,2,,,,4
6b5e8d60-9f1d-0134-3a22-0aaafcbd6b1f,,,1,,4,5,,,,3,,2,,
8a986b10-9f1d-0134-b05d-0a62e1402143,,,,1,,,2,,,,,,,3
37e03890-9f1e-0134-3db7-0aaafcbd6b1f,,,,1,,,5,2,,4,,3,,
6294d260-9f1e-0134-9730-0a62e1402143,5,,3,2,,1,,,,,,4,,
96496540-9f1e-0134-981e-0a62e1402143,,,,,,,,,,,,,,
5bc58390-9f1f-0134-4206-0aaafcbd6b1f,,,5,4,,3,2,1,,,,,,
132566a0-9f24-0134-2116-0a62e1402143,,,,,2,1,,3,5,4,,,,
7125a230-9f26-0134-e72d-0a62e1402143,2,,3,,,,4,,,,1,5,,
b6ae3c60-9f2a-0134-1305-0a62e1402143,,,,,,2,4,3,,1,,5,,
d7569490-9f2d-0134-ee60-0a62e1402143,,,,3,,2,1,4,5,,,,,
decf4d40-9f2f-0134-2a3c-0aaafcbd6b1f,,2,1,3,,,4,,,,5,,,
5f6e9670-9f34-0134-76d6-0a62e1402143,,,,,,,,,,,,,,
a1401cd0-9f37-0134-537f-0aaafcbd6b1f,2,,,1,,,5,4,,,3,,,
6ed4e760-9f3c-0134-59d4-0aaafcbd6b1f,,,5,1,2,,,,,3,,4,,
732dba10-9f3f-0134-822c-0a62e1402143,,,,,,,1,,,2,,3,5,4
c3bdcb70-9f40-0134-4f4c-0aaafcbd6b1f,,1,,,,,4,3,,2,,5,,
7b7aea60-9f43-0134-29ab-0aaafcbd6b1f,,1,,,,,,,,,,,,
c3187230-9f44-0134-9c51-0a62e1402143,,,,,,,,,,,,,,
31d65a90-9f46-0134-32f4-0a62e1402143,,1,,,,,,,,,,,,
89e39cc0-9f46-0134-f35a-0aaafcbd6b1f,,4,2,,,,1,,,,,3,,
2bf602f0-9f49-0134-26da-0a62e1402143,,,2,3,,,,1,,,,,,
78992580-9f4c-0134-ceb4-0aaafcbd6b1f,3,,,,,1,2,,,,,,5,4
13109380-9f50-0134-e31c-0aaafcbd6b1f,,,,4,,1,3,2,,,,,,
68ad0ad0-9f5b-0134-a566-0a62e1402143,,1,,,,,,,,,,,,
27dee570-9f5d-0134-8246-0aaafcbd6b1f,,,5,4,,,2,1,,,3,,,
0ff1d5b0-9f66-0134-8d94-0aaafcbd6b1f,,,1,2,5,,3,,,,,4,,
dd754190-9f68-0134-2bf2-0a62e1402143,,,3,5,,,2,4,,1,,,,
94d67050-9f6b-0134-dd43-0a62e1402143,1,2,,,,4,,,,5,,3,,
b561ce60-9f70-0134-3c36-0a62e1402143,,,4,3,,5,1,,,,,2,,
44ed1560-9f75-0134-2077-0aaafcbd6b1f,,1,2,3,4,,,5,,,,,,
7b2f0fd0-9f76-0134-b4c6-0a62e1402143,,1,,,,,,,,,,,,
292a7420-9f77-0134-8f22-0a62e1402143,,,2,1,3,,5,,,4,,,,
72aac130-9f77-0134-911c-0a62e1402143,,,,,,,,,,,,,,
f6d7ad70-9f78-0134-9f0b-0aaafcbd6b1f,,,1,,,,,,,,,,,
2f7046e0-9f79-0134-a060-0aaafcbd6b1f,,1,,,,,,,,,,,,
2fc88e90-9f7c-0134-87d7-0a62e1402143,,,,,,,,,,,,,,
62bfb3f0-9f7c-0134-7a9e-0aaafcbd6b1f,,1,,,,,,,,,,,,
712ce670-9f7c-0134-a56b-0a62e1402143,1,,,,,,,,,,,,,
ca74fa90-9f80-0134-a101-0aaafcbd6b1f,,2,,1,,,,,,,,,,
52d0d140-9f81-0134-88e1-0aaafcbd6b1f,,,,3,,,2,4,,,,1,,
71cdce40-9f87-0134-7078-0aaafcbd6b1f,,3,2,5,,,1,4,,,,,,
f9a3c0e0-9f87-0134-9c79-0aaafcbd6b1f,,1,,,,,,,,,,,,
5eb9a9d0-9f88-0134-0315-0a62e1402143,,,3,,,,,,,2,,1,,
3f3b6360-9f89-0134-7cda-0a62e1402143,,,,,,,,,,,,,,
932686f0-9f89-0134-1f7d-0aaafcbd6b1f,,,,2,,4,1,,,3,5,,,
368a37b0-9f8b-0134-652c-0aaafcbd6b1f,5,,,,3,1,2,4,,,,,,
e04326b0-9f8c-0134-b432-0a62e1402143,,,2,,5,,,,1,4,,3,,
ffec6420-9f8c-0134-4301-0a62e1402143,,,1,,4,3,2,,,,,,,5
459c8670-9f90-0134-eb62-0aaafcbd6b1f,,2,3,4,5,,1,,,,,,,
3ed87840-9f95-0134-c88f-0a62e1402143,,,5,3,,2,1,4,,,,,,
1d93f8d0-9f96-0134-ce23-0a62e1402143,,,2,3,,5,1,,,4,,,,
a815a3f0-9f96-0134-d891-0aaafcbd6b1f,,,3,2,,,,1,,,,4,,
ad0f4ed0-9f96-0134-ec41-0a62e1402143,,,5,4,,,3,1,,,,2,,
84d90e60-9f98-0134-e530-0aaafcbd6b1f,,,3,2,1,,,4,,,,,,5
a2820930-9f98-0134-7489-0a62e1402143,,,,,,,1,,,,,,,
832af770-9f99-0134-ec13-0aaafcbd6b1f,5,2,4,,,1,,3,,,,,,
09897f70-9f9b-0134-bd85-0a62e1402143,1,,,,,,,,,,2,,,3
58bc2250-9f9d-0134-72c8-0aaafcbd6b1f,,5,4,,1,2,,3,,,,,,
e1744190-9fa1-0134-d38a-0aaafcbd6b1f,1,,,,2,,4,,,5,,,,3
82d37650-9fa2-0134-d81b-0aaafcbd6b1f,5,,4,1,,2,3,,,,,,,
09112870-9fa3-0134-4937-0aaafcbd6b1f,,,,,4,3,,,,2,,,,1
b0ee29b0-9fa3-0134-d88c-0a62e1402143,5,3,,4,,,,1,,,,,,2
4a8c1080-9fa5-0134-9f95-0a62e1402143,,,1,4,2,,,3,,,,5,,
611ee380-9fa5-0134-6e8d-0aaafcbd6b1f,,,1,2,5,,,,,3,,,,4
d0ec3c30-9fa8-0134-1ed1-0aaafcbd6b1f,,,3,4,,,,,,,1,2,,
4245f240-9fab-0134-9404-0aaafcbd6b1f,,,,,,,,,,,,,,
daeb7c80-9fab-0134-681b-0a62e1402143,3,5,,,,,1,,,,2,4,,
b4e30ad0-9fb0-0134-42ef-0aaafcbd6b1f,,,,,,,,,,,,,,
b5dfff50-9fb1-0134-03ed-0a62e1402143,,,1,,,,3,2,,,,4,,
992e0f30-9fb3-0134-6a81-0aaafcbd6b1f,,,,1,,,4,,,2,,,,3
b837ce80-9fb3-0134-4c9b-0a62e1402143,1,5,3,,,,4,,,,,2,,
72a09370-9fb4-0134-51bd-0a62e1402143,,,,,,1,,,,,,,,
dcfe8530-9fb4-0134-313b-0aaafcbd6b1f,1,4,,,,5,,,,,2,3,,
3a86fd20-9fb5-0134-436d-0a62e1402143,,,,1,,,3,2,,,,,,
6989e3e0-9fb6-0134-8bf0-0aaafcbd6b1f,,,,3,,2,1,,,,,,,
9db1fc00-9fb6-0134-cacd-0a62e1402143,,,,1,,,,,,,,3,2,
46d83200-9fbb-0134-6baf-0a62e1402143,,,3,2,,,,,,1,,,,4
5aea7340-9fbb-0134-a287-0aaafcbd6b1f,,,,,,,,,,,,,,
d6e704f0-9fbb-0134-7365-0a62e1402143,,,1,2,,3,4,,5,,,,,
29b527c0-9fbd-0134-318d-0aaafcbd6b1f,,,5,,4,1,,2,,,,3,,
eaec26c0-9fc1-0134-4694-0a62e1402143,2,,1,,3,,4,,,5,,,,
a5dc5200-9fc4-0134-a6cc-0a62e1402143,,,,,,3,4,2,,,,1,,5
386dab50-9fc7-0134-21a5-0aaafcbd6b1f,,5,3,,,,1,2,,,,4,,
94950760-9fc7-0134-1cc4-0a62e1402143,,,,,,,,1,5,2,,3,,4
11a2d420-9fcb-0134-264e-0a62e1402143,,,,,,5,1,2,3,,,4,,
8e6d3940-9fcd-0134-3374-0aaafcbd6b1f,,5,3,,,,1,,,,,2,,4
f9eb8980-9fcd-0134-f424-0aaafcbd6b1f,,,2,1,3,,4,,,,,5,,
9dc7b6f0-9fcf-0134-e5b3-0a62e1402143,,,3,4,,1,,5,,,,2,,
b42efcd0-9fcf-0134-fc40-0aaafcbd6b1f,1,,,3,,4,5,,,,2,,,
306fcaa0-9fd4-0134-e650-0a62e1402143,,4,1,2,,,,3,,,,,,
dc41a600-9fd8-0134-2aa1-0a62e1402143,,,4,,,2,1,3,,,,,,
ca1f2430-9fd9-0134-73ce-0a62e1402143,,,4,,,,2,,,,5,1,,3
8e726fc0-9fda-0134-753c-0a62e1402143,,,,1,2,4,,,,3,,5,,
cc4b2ff0-9fda-0134-7328-0a62e1402143,5,3,,,,,1,,,,2,,4,
6a5f3c20-9fdb-0134-75ed-0a62e1402143,,,4,2,,,1,,,3,,,,5
67231610-9fdf-0134-4601-0a62e1402143,,,1,,,,,,,,,,,
c287f020-9fdf-0134-476a-0a62e1402143,,1,,,,,,,,,,,,
45cdddc0-9fe0-0134-33eb-0aaafcbd6b1f,,,1,4,,,2,3,,,,,,
23257610-9fe1-0134-3800-0aaafcbd6b1f,,,5,,,4,2,1,,,,3,,
61b51980-9fe2-0134-3c24-0aaafcbd6b1f,,,,2,,3,1,4,5,,,,,
86cde020-9fe3-0134-4644-0a62e1402143,,1,,,,,,,,,,,,
f365a720-9fe3-0134-4205-0aaafcbd6b1f,1,,,,,,,,,,,,,
fd1cf990-9fe4-0134-4637-0aaafcbd6b1f,,,1,,2,,,,,3,,,4,5
3287b1d0-9fe5-0134-4739-0aaafcbd6b1f,4,,1,3,,,,2,,,,,,
01a2d560-9fe6-0134-4a5f-0aaafcbd6b1f,,,1,,,,,,,,,,,
86f885d0-9fe6-0134-4c81-0aaafcbd6b1f,,,1,3,,5,2,4,,,,,,
1c57b3f0-9fe7-0134-4eaf-0aaafcbd6b1f,2,,3,,,,,,,1,,,,
1895a370-9fe9-0134-5708-0aaafcbd6b1f,1,,,,,2,3,,,,4,,,5
e7148660-9fed-0134-6b25-0a62e1402143,,,1,,,3,2,,,,,,,
f9302360-9fed-0134-6b6e-0a62e1402143,,,5,2,1,4,,,,3,,,,
4185c6d0-9fee-0134-6bec-0aaafcbd6b1f,,,,1,,,3,,,4,,2,,
b17f2820-9ff1-0134-1b68-0a62e1402143,,,,1,,,3,2,,,,,,4
d5b06110-9ff1-0134-1c05-0a62e1402143,1,,,,,3,2,,,,,4,5,
f0d17e90-9ff1-0134-1c76-0a62e1402143,,,,1,,,,,,,,2,,
0c281d70-9ff2-0134-db15-0aaafcbd6b1f,,,,4,5,2,3,,,1,,,,
002adea0-9ff4-0134-eb9e-0a62e1402143,,,,,1,,,,,,,,,
941fbf10-9ffb-0134-4aa9-0a62e1402143,5,,4,3,1,,,,,,,2,,
a8aa1640-a000-0134-1357-0a62e1402143,,,,1,,2,,3,5,4,,,,
815f7460-a006-0134-314c-0a62e1402143,3,,,,,,1,,,,,2,,
8e932cd0-a007-0134-1656-0a62e1402143,3,,,,2,1,,,,,,,,4
090e8be0-a00a-0134-11bd-0aaafcbd6b1f,,,5,1,,3,2,,,,,4,,
036fc1d0-a00f-0134-f998-0aaafcbd6b1f,,,,,,,,,,,,,,
69601490-a011-0134-7fd1-0a62e1402143,,1,,,,,,,,,,,,
20f0e8b0-a014-0134-d5b0-0a62e1402143,,,3,,,,4,2,,,,1,,
3135a470-a017-0134-9015-0aaafcbd6b1f,,,1,,,2,3,,,,,,,
7b8ac440-a01e-0134-4888-0a62e1402143,4,,,,,5,3,1,,,2,,,
3a405460-a01f-0134-c42a-0aaafcbd6b1f,,,,3,,2,,5,,4,,1,,
822c69d0-a01f-0134-4dca-0a62e1402143,4,,3,1,,2,5,,,,,,,
5e239900-a023-0134-76bd-0a62e1402143,4,,,,,3,,2,,,1,5,,
4bf677b0-a027-0134-1f77-0a62e1402143,,,,1,,,,2,,4,3,,5,
ac0395b0-a027-0134-ecc5-0aaafcbd6b1f,,,,4,5,,2,,,,,1,,3
ef4711f0-a02c-0134-1a91-0aaafcbd6b1f,,,,,,,1,,,,2,,3,4
601b9210-a035-0134-aa59-0a62e1402143,,,,,,,,,,,,,,
4dee6850-a036-0134-10d4-0a62e1402143,,,,,,,,,,,,,,
66ea51f0-a037-0134-ae6f-0aaafcbd6b1f,,,,,,,,,,,,,,
88d779d0-a037-0134-af1f-0aaafcbd6b1f,,,,,1,,,,,,,,,
161348f0-a038-0134-b1ef-0aaafcbd6b1f,,,1,2,,,4,3,,,5,,,
1fe4d040-a038-0134-b233-0aaafcbd6b1f,,,,,1,,,,,,,,,
bcda0980-a039-0134-8f41-0aaafcbd6b1f,1,,,,,,,,,,,,,
221c40c0-a03b-0134-57c5-0aaafcbd6b1f,,,,,,,,,,,,,,
4fe725f0-a03c-0134-c802-0aaafcbd6b1f,,,,,,,,,,,,,,
64912340-a03c-0134-49ee-0a62e1402143,,,,4,,1,2,,3,,,,,5
72244f60-a03c-0134-4a2a-0a62e1402143,,,2,,,1,,,,,,,3,
ca35f230-a03c-0134-4c6f-0a62e1402143,,,3,,,5,1,4,,,,2,,
f56ca160-a03c-0134-578c-0aaafcbd6b1f,,,,1,,,,,,,,,,
83523480-a03d-0134-1d99-0aaafcbd6b1f,2,,5,,,3,1,,,,,4,,
b4955950-a03d-0134-afd4-0a62e1402143,5,,2,3,,,1,,,4,,,,
bf42eea0-a03d-0134-1f4a-0aaafcbd6b1f,2,,,5,1,,4,,,,,3,,
987a9f30-a03e-0134-24b7-0aaafcbd6b1f,,,1,,,,,,,,,,,
af9ef8a0-a03e-0134-731a-0a62e1402143,5,2,3,4,,,,,,,1,,,
d553c760-a03e-0134-263d-0aaafcbd6b1f,4,,1,,,,,2,,5,,3,,
46547ff0-a03f-0134-1639-0aaafcbd6b1f,4,,,3,,1,2,,,,,5,,
1bf9a880-a040-0134-87a8-0a62e1402143,,,,,,,,,,,,,,
33d45520-a040-0134-833d-0a62e1402143,,,1,5,,,3,,,2,,4,,
61c21a80-a040-0134-cf59-0a62e1402143,,1,,,,,,,,,,,,
70459060-a040-0134-0aa8-0aaafcbd6b1f,,,1,3,5,,2,,,,,4,,
855edb90-a040-0134-d03f-0a62e1402143,,1,,,,,,,,,,,,
c18befc0-a040-0134-d198-0a62e1402143,,,3,5,,2,1,,,,4,,,
0f75d220-a041-0134-aa30-0a62e1402143,5,,,,,3,,1,,,,2,,4
1bb9aac0-a041-0134-aac3-0a62e1402143,4,,2,,5,,,,,,,1,,3
82b1d650-a041-0134-d94d-0aaafcbd6b1f,,,1,,,,,,,,,,,
eae5be60-a041-0134-afd8-0a62e1402143,,4,,5,,,,1,2,3,,,,
1ee6af00-a042-0134-18b6-0aaafcbd6b1f,5,4,,,,,2,,,,1,3,,
23e66a70-a042-0134-18db-0aaafcbd6b1f,,,2,4,,,1,3,,,,5,,
5486d440-a042-0134-1a3f-0aaafcbd6b1f,,,2,1,4,3,5,,,,,,,
84f9d250-a042-0134-b4c8-0a62e1402143,,,,2,,1,3,5,,,,,4,
8a903a40-a042-0134-b4ea-0a62e1402143,,,3,,1,2,5,4,,,,,,
9369bda0-a042-0134-ffef-0a62e1402143,,,2,,,,1,,,,3,,,
05e16d10-a044-0134-bbb4-0aaafcbd6b1f,4,,5,,3,,1,,,,2,,,
86cf9d30-a044-0134-bf3b-0aaafcbd6b1f,,,3,4,,,1,,,,,2,,
aa7bea90-a044-0134-660f-0aaafcbd6b1f,,,,3,,2,,,,1,4,5,,
abaee310-a045-0134-4007-0a62e1402143,,,4,5,,1,3,2,,,,,,
d014d5c0-a045-0134-6e8d-0aaafcbd6b1f,,,,,,3,2,,,1,,,4,5
927e0240-a046-0134-e68a-0a62e1402143,,,,1,,2,5,,,4,3,,,
94a53a50-a046-0134-ad22-0aaafcbd6b1f,,,1,2,,,,,,,,,,
42f20330-a047-0134-bd47-0a62e1402143,4,,2,,,5,,,,1,,3,,
481bf7c0-a047-0134-bd6a-0a62e1402143,2,,3,,,,1,,,,,,4,
49d4b8a0-a047-0134-952c-0aaafcbd6b1f,,,,,,1,2,,,,4,,,3
5e3eb2f0-a047-0134-be12-0a62e1402143,,,,,,,,,,,,,,
3fbcd950-a048-0134-b1d4-0a62e1402143,,,,,,1,2,,,,,5,3,4
7f97bc00-a048-0134-b3c1-0a62e1402143,,,,4,5,1,2,,3,,,,,
a67f1d60-a048-0134-91ab-0aaafcbd6b1f,,,,4,,3,2,,,,,1,5,
ccfc3260-a048-0134-92a2-0aaafcbd6b1f,,,4,2,3,,1,,,,,,,
ee85d9a0-a048-0134-937c-0aaafcbd6b1f,,,4,3,1,,2,,,5,,,,
5f0de3f0-a049-0134-ee6a-0a62e1402143,,,,,,,,,,,,,,
7b9a2280-a049-0134-4bed-0a62e1402143,4,2,,,,,1,3,,,,5,,
8dd25280-a04a-0134-8cf8-0a62e1402143,5,4,2,1,3,,,,,,,,,
9b6c7190-a04a-0134-9e0b-0aaafcbd6b1f,,4,,,,2,1,,,,3,,,5
68299430-a04b-0134-8496-0a62e1402143,,1,,,,,,,,,,,,
7c8b06d0-a04b-0134-a3ec-0aaafcbd6b1f,,,,,,,,,,,,,,
59861b70-a04c-0134-da95-0a62e1402143,,,,,,,2,,,,,1,3,4
80963e10-a04d-0134-8ab0-0aaafcbd6b1f,,,3,,,,2,4,,,,1,5,
2a1a88f0-a04e-0134-8f99-0aaafcbd6b1f,2,,4,3,5,,1,,,,,,,
d966aa50-a04e-0134-a360-0a62e1402143,,,1,2,5,,3,4,,,,,,
4765a7e0-a04f-0134-a664-0a62e1402143,,,1,4,,5,,2,,,,3,,
acec44d0-a050-0134-8127-0a62e1402143,,,,,,,,,,,,,,
10529250-a051-0134-844b-0a62e1402143,,,,1,,5,,,2,,4,,,3
a5c73f80-a052-0134-0bfe-0aaafcbd6b1f,,,,,,,,,1,,,,,
c2d46680-a052-0134-0ca8-0aaafcbd6b1f,5,,,1,,2,3,,,,4,,,
f917c960-a052-0134-0857-0a62e1402143,1,,3,,2,4,5,,,,,,,
76791950-a053-0134-0bf6-0a62e1402143,1,,,,,,4,3,,,2,5,,
cde64450-a054-0134-ab5b-0aaafcbd6b1f,,,,,,,,,,,,,,
80ecee00-a055-0134-202f-0a62e1402143,,,,4,5,2,3,,,,1,,,
533ab4c0-a056-0134-a4f9-0aaafcbd6b1f,,,4,1,,,,2,,,3,,,5
294b7220-a057-0134-1881-0a62e1402143,,,,,,1,4,,,2,,3,,
442f08a0-a057-0134-4082-0aaafcbd6b1f,,,,,,,,,,,,,,
8e601fe0-a057-0134-18f7-0aaafcbd6b1f,,,,2,,3,1,,,,,,4,5
6eb97e90-a058-0134-f4ea-0aaafcbd6b1f,,,4,2,,3,,,,1,,5,,
8c661320-a058-0134-f5a5-0aaafcbd6b1f,,,1,,,,,,,,,,,
c70fa420-a058-0134-25b9-0aaafcbd6b1f,,1,,,,,,,,,,,,
60571d20-a059-0134-77d5-0a62e1402143,,,,,,,,,,,,,,
aaf5d6d0-a059-0134-637b-0a62e1402143,4,,1,,,2,,3,,5,,,,
c7f283a0-a059-0134-da96-0aaafcbd6b1f,,,,,,,,,,,,,,
30c73970-a05c-0134-fc8e-0a62e1402143,,,2,3,,4,,5,,,,1,,
8bde6780-a05c-0134-ff23-0a62e1402143,,,1,2,,5,,3,4,,,,,
b4ac4470-a05c-0134-b9e2-0aaafcbd6b1f,1,,4,,5,2,,,,,,3,,
5d3137d0-a05e-0134-8129-0aaafcbd6b1f,,,,,,,,,,,,,,
57c3cac0-a05f-0134-31bb-0a62e1402143,,,,1,,2,4,5,,,,3,,
ee7f24c0-a05f-0134-3582-0a62e1402143,,,2,,3,,1,,,5,,4,,
24469ec0-a060-0134-8be4-0aaafcbd6b1f,3,,,,,2,1,5,,,4,,,
2cdf4980-a061-0134-c8be-0aaafcbd6b1f,,,,1,5,,2,,,3,,4,,
55711a90-a061-0134-6807-0a62e1402143,,,1,,,5,,,,2,,,3,4
2b3aa2e0-a062-0134-449b-0a62e1402143,3,,,,4,,1,,,,,2,,
ec1eef80-a062-0134-3ec9-0a62e1402143,,,,,,1,2,,3,,,,,
2cb36050-a063-0134-40bc-0a62e1402143,,,4,1,,2,3,,,,,,,
99569e50-a064-0134-1de6-0aaafcbd6b1f,,,,2,,3,4,,,,1,5,,
045382c0-a065-0134-20c9-0aaafcbd6b1f,,,3,5,,4,,,,2,,1,,
21a0b090-a065-0134-2185-0aaafcbd6b1f,,,,,,,,,,,,,,
52f45180-a065-0134-22c7-0aaafcbd6b1f,2,,,,,,1,4,5,,3,,,
71b9c470-a065-0134-04fe-0a62e1402143,2,1,4,5,,,,,3,,,,,
a82312a0-a065-0134-0703-0a62e1402143,,,,,,,2,4,,,1,3,5,
0b13f670-a067-0134-f13c-0a62e1402143,,,5,4,,3,2,,,,,1,,
437fcb40-a067-0134-f289-0a62e1402143,,,5,3,,,,4,,,2,1,,
03dad440-a068-0134-162d-0a62e1402143,2,,,,,5,3,,,4,1,,,
406ab4f0-a35a-0134-23be-0a62e1402143,,,4,,,2,5,,,3,1,,,
e2aacb10-a35c-0134-c70d-0aaafcbd6b1f,,3,,5,,4,,,,1,2,,,
1ae65ad0-a363-0134-9d9a-0aaafcbd6b1f,,,,1,5,,,2,,3,,,,4
044bb7e0-a37b-0134-d6c7-0a62e1402143,,,3,2,,,1,4,,,,5,,
40a68060-a383-0134-dba0-0a62e1402143,,,4,,,5,3,2,,,,1,,
4f25fbe0-a383-0134-7398-0aaafcbd6b1f,,,1,4,,5,2,3,,,,,,
9658e530-a385-0134-8395-0aaafcbd6b1f,,,,,,,1,,,,,,,
f66f6a30-a386-0134-faf7-0aaafcbd6b1f,1,4,,,,2,3,,,,,5,,
a235eb40-a388-0134-72e8-0a62e1402143,5,,,2,,1,4,,,,,3,,
ecc57310-a388-0134-faa4-0aaafcbd6b1f,,,,4,5,,1,3,,,,2,,
59826750-a389-0134-c1e0-0aaafcbd6b1f,,,,,,,,,,,,,,
27ed9450-a38a-0134-c6cb-0aaafcbd6b1f,,,,,,,,,,,,,1,
1f18f9e0-a38b-0134-0c38-0a62e1402143,,,,2,,3,4,,,,,,,1
f8c030c0-a38b-0134-d15a-0aaafcbd6b1f,,,1,2,,5,4,3,,,,,,
166a82c0-a38d-0134-0a9a-0a62e1402143,,3,2,,4,,1,,,,,,,
4797e090-a390-0134-c102-0aaafcbd6b1f,,,,,,3,,1,2,,4,,5,
91562b10-a390-0134-1b9a-0a62e1402143,,,3,4,,,,1,,,,2,,
4a296940-a391-0134-c729-0aaafcbd6b1f,,2,1,4,,,,3,5,,,,,
37878a20-a392-0134-ccdf-0aaafcbd6b1f,,,3,,2,,1,,,4,5,,,
4c0ac5d0-a393-0134-d34b-0aaafcbd6b1f,,,1,2,3,4,5,,,,,,,
9223f1c0-a394-0134-8e02-0aaafcbd6b1f,,,4,,,5,2,1,,,,3,,
9804a860-a394-0134-7e35-0a62e1402143,,,2,1,5,,,,,,,,3,4
114c1d60-a395-0134-9118-0aaafcbd6b1f,,,3,,,,1,,,,,2,,
522b9930-a396-0134-9841-0aaafcbd6b1f,,,,1,,,,2,,,,,,
6f3fc290-a398-0134-6ad5-0a62e1402143,,,,3,1,,,,,4,,5,,2
e9786400-a399-0134-25d3-0a62e1402143,,3,2,1,,,,4,,,,5,,
cbd47b40-a39a-0134-6f73-0a62e1402143,,,3,1,2,,4,5,,,,,,
e35f3b00-a39c-0134-6418-0aaafcbd6b1f,,5,,,1,,2,,,,,3,,4
d1679220-a39d-0134-0039-0a62e1402143,,,,,,,,,,,,,,
b38e1650-a39f-0134-8068-0a62e1402143,,,1,3,,,2,,,4,,,,
f2c5e1e0-a39f-0134-81fb-0a62e1402143,,,,,,,,,,,,,,
81a79c00-a3a2-0134-e241-0a62e1402143,,,4,1,5,2,,,,,,3,,
25367250-a3a5-0134-61b4-0a62e1402143,,,,,,,2,3,,,,1,,
f6b09f50-a3a5-0134-e280-0a62e1402143,,,,,,,,,,,,,,
588a8980-a3a9-0134-579e-0aaafcbd6b1f,,,,,,,,,,,,,,
2ebac570-a3aa-0134-9aed-0a62e1402143,,2,,5,,,4,3,,,1,,,
c8150e00-a3af-0134-b482-0aaafcbd6b1f,,,,,4,,1,3,,2,,,,5
40ce3d60-a3b0-0134-b6a5-0aaafcbd6b1f,4,1,,,5,,,,,,,2,3,
84249ef0-a3b0-0134-a0e2-0a62e1402143,,,5,4,,,3,1,,,,2,,
d6753d50-a3b2-0134-ba25-0aaafcbd6b1f,,,1,5,,,,,,2,4,3,,
05e69890-a3b4-0134-8bd6-0a62e1402143,,,,5,,,4,,,,1,3,2,
982aed00-a3b4-0134-a9ac-0aaafcbd6b1f,4,5,,2,1,3,,,,,,,,
7f4760d0-a3b8-0134-815c-0aaafcbd6b1f,,,4,1,2,3,5,,,,,,,
9ce241b0-a3bb-0134-0f7d-0a62e1402143,,,5,,,,4,3,,,1,2,,
02e09210-a3c3-0134-f269-0a62e1402143,,,3,,,5,4,1,,,,2,,
64c89ea0-a3c5-0134-7708-0a62e1402143,2,,,,,,1,,,,4,,,3
f171f4f0-a3c5-0134-792f-0a62e1402143,,,3,,,,,,,,1,2,,
f0c751f0-a3c6-0134-81b2-0aaafcbd6b1f,,,2,4,,5,1,,,,,3,,
33ca3b90-a3c7-0134-8284-0aaafcbd6b1f,,,,1,5,,4,,,2,3,,,
3ba14150-a3c7-0134-8299-0aaafcbd6b1f,1,2,,,,4,3,,,,,,5,
d5a07200-a3c8-0134-845f-0a62e1402143,,,5,1,,2,3,,,4,,,,
4dfb02d0-a3ca-0134-6e6c-0aaafcbd6b1f,,,,,3,,1,,,2,,,,
1a332e30-a3cc-0134-2f0e-0aaafcbd6b1f,,4,5,2,,,,,,,1,3,,
681d3cb0-a3cd-0134-3297-0aaafcbd6b1f,,,,3,,2,1,,,,5,,4,
161f3980-a3d0-0134-2b8e-0a62e1402143,,,4,5,,,3,2,,,,1,,
7c06e5b0-a3d1-0134-cd33-0a62e1402143,,,1,,,,,,,2,,3,,
01b60c60-a3d4-0134-de57-0aaafcbd6b1f,,,,,,,,,,,,,,1
0be5ae40-a3d4-0134-de75-0aaafcbd6b1f,5,,,,,4,3,1,,,2,,,
d1e4f5c0-a3d4-0134-e10d-0aaafcbd6b1f,,,1,,,,,,,,,,,
01ecf920-a3d5-0134-e1bf-0aaafcbd6b1f,,,,,,,1,,3,,,2,,
62f96ab0-a3dd-0134-ae50-0aaafcbd6b1f,,,1,,,3,4,,,,5,2,,
0ea96020-a3df-0134-5090-0a62e1402143,,,1,3,2,,4,,,5,,,,
66c2c1c0-a3e1-0134-1e2c-0a62e1402143,,,5,2,,1,4,3,,,,,,
76aab5f0-a3e3-0134-c03d-0aaafcbd6b1f,,3,1,,,,2,,,,,,4,5
13d9a050-a3e5-0134-1704-0a62e1402143,,,3,2,,,,,,4,,1,,
f848cab0-a3e6-0134-7315-0aaafcbd6b1f,,5,1,2,4,,3,,,,,,,
494d25b0-a3e7-0134-1e13-0a62e1402143,,,,5,,,4,3,,,1,2,,
63bf0140-a3e9-0134-24b5-0a62e1402143,,,,,,,1,2,,3,,,5,4
730f0690-a3f3-0134-6f86-0aaafcbd6b1f,,,,1,,2,,4,,5,,,,3
b5857050-a3f4-0134-afe6-0aaafcbd6b1f,,,1,5,,,2,,3,4,,,,
86f1d650-a3f6-0134-c74c-0a62e1402143,,,,,,,3,,,2,1,,,
81f68ff0-a3fa-0134-3cef-0a62e1402143,,1,,,,,,,,2,,,,
306efa00-a3fd-0134-c1bb-0aaafcbd6b1f,4,,2,1,,,,3,,,,,,
22936870-a403-0134-2e89-0a62e1402143,,1,2,,,,,,,3,,,,
0ef7aa00-a423-0134-5def-0a62e1402143,,,,4,,,5,,,1,2,3,,
3ec8d1c0-a425-0134-2ef2-0aaafcbd6b1f,,,5,2,,,1,,,4,,3,,
78b84c10-a42a-0134-57a8-0a62e1402143,,1,,,,,,,,,,,,
cd5d3de0-a42f-0134-b6e5-0aaafcbd6b1f,,,3,4,,,,1,,,2,,,5
8d188e50-a430-0134-8af6-0a62e1402143,,,,,,,,,,,,,,
d1b7bbb0-a430-0134-5b58-0a62e1402143,,,4,1,5,,3,2,,,,,,
103fcb20-a434-0134-e24a-0aaafcbd6b1f,,,1,2,,3,5,,,4,,,,
2f346d40-a434-0134-05b1-0a62e1402143,,,1,2,,3,,,,,,,4,
764fcdb0-a436-0134-2265-0aaafcbd6b1f,3,,,2,,,,1,,,,,,
4d219680-a437-0134-279c-0aaafcbd6b1f,,3,,,,4,5,1,2,,,,,
081c8100-a43e-0134-fa22-0a62e1402143,1,,,,,,,,,,,,,
46859af0-a440-0134-63b5-0a62e1402143,1,4,3,,,,,2,,,,,,
4d5e4820-a448-0134-4100-0a62e1402143,,4,,5,,3,2,1,,,,,,
03f2fd30-a450-0134-fefa-0aaafcbd6b1f,,,4,1,,3,2,,,,,,,5
b5bb96e0-a458-0134-e1a7-0a62e1402143,,,3,1,5,4,,2,,,,,,
4ab4ee90-a462-0134-3086-0aaafcbd6b1f,,,1,,,,,,,,,,,
b4b1bba0-a463-0134-25f4-0a62e1402143,,3,1,,5,,,,2,,,,,4
b67f4c80-a469-0134-6e52-0aaafcbd6b1f,,3,4,,,,,1,,,,2,,5
ec91df20-a469-0134-7174-0a62e1402143,,,1,3,4,,5,2,,,,,,
4d22b3e0-a46c-0134-a589-0a62e1402143,,,,2,,,1,3,,,,4,,
11d8d320-a46f-0134-1780-0a62e1402143,,4,3,,1,,2,,,5,,,,
b142f3c0-a471-0134-4e2f-0a62e1402143,,,,,,,3,1,,,,2,,
c0419150-a472-0134-a4d4-0aaafcbd6b1f,,,5,,,,3,2,,4,,1,,
b9ae9d40-a473-0134-a9e7-0aaafcbd6b1f,,,1,,,,2,,,,,,,
a7fee7a0-a47a-0134-8faf-0a62e1402143,,,4,2,,,,1,,,,3,,
7fcc6d80-a47c-0134-44d0-0a62e1402143,,4,,,,,1,2,,,,,,3
0f270fb0-a489-0134-352d-0a62e1402143,,,1,4,,5,3,,2,,,,,
9391f190-a489-0134-6444-0aaafcbd6b1f,2,1,3,4,,,,,,,,,,
f72b9a80-a48a-0134-7e52-0aaafcbd6b1f,,,,,,4,3,2,1,,5,,,
2bfc9d20-a48b-0134-7f19-0aaafcbd6b1f,1,,,,,,,,,,,,,
8ac3b960-a48b-0134-639a-0a62e1402143,,,4,1,,,,2,3,,,,,
44054910-a490-0134-c6f9-0a62e1402143,2,,,,,4,3,,,1,,,,5
b8710120-a491-0134-5523-0a62e1402143,,,4,3,,1,2,5,,,,,,
4ada9270-a492-0134-8ed1-0aaafcbd6b1f,,1,,,,,,,,,,,,
bbd828e0-a494-0134-9851-0aaafcbd6b1f,,,4,2,,,1,,,5,3,,,
7f3e68c0-a495-0134-9b16-0aaafcbd6b1f,,1,,,,,,,,,,,,
97a8dc30-a496-0134-9f55-0aaafcbd6b1f,,,2,,5,,1,,,,,3,,4
101cdcf0-a49c-0134-ba12-0a62e1402143,,,1,,,,,,,,,,,
442dedc0-a49c-0134-c2f2-0aaafcbd6b1f,1,,,,,,,,,,,,,
17a53c00-a49f-0134-139e-0a62e1402143,,,1,4,,5,2,3,,,,,,
180b8340-a4a1-0134-a9ec-0a62e1402143,1,,,,,,,,,,,,,
165ac4c0-a4a5-0134-2fa2-0a62e1402143,,,,2,3,5,,1,4,,,,,
3db173e0-a4ae-0134-fcb9-0aaafcbd6b1f,4,,,5,,3,1,,,,2,,,
474a3860-a4b2-0134-7ace-0aaafcbd6b1f,,2,5,1,,,3,4,,,,,,
16020f40-a4b3-0134-7ddb-0aaafcbd6b1f,2,1,,,,5,3,4,,,,,,
0e004370-a4b4-0134-4b76-0a62e1402143,,4,1,2,,,,3,5,,,,,
e6259f10-a4b9-0134-e898-0a62e1402143,,1,,,,,,,,,,,,
e8919470-a4b9-0134-e8a1-0a62e1402143,,,1,,,,,,,,,,,
ab5cca00-a4ba-0134-d5fc-0a62e1402143,,,,,,,,,,,,,,
60f849d0-a4bb-0134-c0ca-0aaafcbd6b1f,1,,,,,,,,,,,,,
d3afb650-a4be-0134-fe89-0aaafcbd6b1f,,,,,,,,,,1,,,,
fed4b5f0-a4be-0134-5ba2-0a62e1402143,,,3,1,,,,,,,,2,4,5
a1a7daf0-a4c6-0134-f44f-0a62e1402143,,,5,3,4,2,1,,,,,,,
545ba470-a4cb-0134-5d54-0aaafcbd6b1f,,,,4,5,3,2,,,1,,,,
60fcc7d0-a4cd-0134-d53f-0a62e1402143,,,,,,,,,,1,,,,
7c100770-a4d3-0134-1a47-0a62e1402143,1,,,,,,,,,,,,,